entrez,pval,fc
151636,5e-324,2.04823755388668
3799,5e-324,2.05775099657005
23317,5e-324,2.06671579065975
9652,5e-324,2.06701954972303
3895,5e-324,2.07722189144375
55183,5e-324,2.0777424791649
23064,5e-324,2.17797483142585
84162,5e-324,2.21086701404512
2633,5e-324,2.27872082348134
7175,5e-324,2.34935578502781
5903,5e-324,2.36696431355472
23325,5e-324,2.36888960130101
3437,5e-324,2.4459851017071
3433,5e-324,2.685964195029
64135,5e-324,2.69823762898535
23586,5e-324,2.91912199891549
55601,5e-324,2.92061880568743
54809,5e-324,3.77405601008436
219285,5e-324,3.88599681141086
7155,2.32965353729198e-288,1.83086509539782
4734,1.51301574898119e-281,1.85320582481956
5108,5.69678869132809e-268,2.08202942235715
8411,2.43182842428135e-261,2.25544465694304
10973,1.59912885719241e-256,1.76764361062289
100507113,2.9809021940333e-254,2.10350063297056
9169,3.17032679777347e-254,1.93370459156285
23244,3.5794623511310204e-254,1.74057198921172
5874,5.029894517248609e-252,1.85844728089241
2804,8.29482890774755e-252,2.29786253937121
667,3.9194395416802e-250,2.26367035817319
91351,4.2130200350966997e-250,3.02902237333646
10735,3.0709003363328e-247,1.94415216880443
80205,7.768182376121499e-247,2.02820851465829
4939,4.00906915635444e-246,1.65964086684775
55088,6.67225567527197e-245,2.39184195849717
54832,3.28085818091086e-241,2.42099908351151
221037,2.5690923073804e-240,2.24854826356953
55196,1.90948352067344e-237,2.24088642862403
114882,2.6473257210393798e-232,2.00809888096736
472,2.94442617227405e-230,1.89406336605
2803,8.03101847595087e-228,2.15695457744781
10128,7.67972613907863e-227,1.63274783174615
79572,1.30614618440038e-225,1.68069812561963
253260,2.25839631058432e-225,1.98681857520467
55075,3.35777061973587e-225,1.90327859401647
54625,3.66114208592643e-224,2.46659513635301
10787,9.49262721472244e-223,1.74501456566096
259266,2.3185195040475997e-222,2.36681423672596
3428,1.05680280667932e-221,2.13275237161716
23077,8.53075952731879e-221,1.70969417020552
550081,3.4952817610533e-220,2.05791630643538
10964,1.25834438389194e-219,2.08118416230831
1434,1.02958972687939e-218,1.5876998834836
55704,1.06330268769551e-217,1.96997201826056
83666,6.61628591533655e-217,1.64650403842278
26046,2.79814550272938e-216,2.19594050016081
253461,5.80917674909235e-215,1.65718354365512
55914,5.63736757360465e-214,1.53686311566251
55660,6.476291371920181e-214,1.6213401537502
54431,1.23004829827968e-208,1.60282473633679
51191,4.77716009967158e-208,2.25813734671288
3434,5.9449796713613685e-208,2.05107346133211
7267,1.62366637849224e-207,1.76256642092551
23469,2.8525427491999398e-207,2.19613500812115
394,3.2906043496795596e-207,2.08634465818876
23527,3.66851936268751e-207,1.62140850737355
26278,2.63811088424564e-205,1.93006076459336
7153,8.714723682339079e-204,1.78535116245887
56987,9.220238925038801e-204,1.67472657021385
6526,4.694651735482081e-203,1.55059736404635
10346,3.61311280963896e-199,1.95718582757882
9821,3.17741020806666e-197,1.90635402832896
1063,4.2701381385055924e-196,2.19169229800845
4976,1.39607614745342e-194,1.95016639287936
4683,2.04317918776632e-193,1.97040082561117
5610,6.76976571310423e-190,1.78649173788514
158471,1.3165484886709e-189,2.09409517477777
5783,2.326681633666461e-188,1.73214281362775
7913,2.5871579394765e-188,1.41966820575432
55832,3.1533085894527507e-186,1.50053444474231
546,4.45861981253608e-186,2.16354473845843
54906,1.30596347608232e-184,1.81515796551179
5611,4.58415168441876e-184,1.52152776440087
6400,1.38167437053156e-183,1.38238810689091
54464,6.504024048865451e-183,2.23580789160491
26064,5.07173875798276e-181,1.55831534299782
6672,3.4098467827307304e-180,1.4562987094186
5358,3.46800307276143e-180,1.40571248033998
23347,4.29809734266608e-180,1.79453284961018
25831,9.47306580277941e-179,1.60437826127821
2635,4.30032568187165e-178,2.09241155730616
8467,4.39778627244884e-178,1.54355825723382
586,7.78886262143614e-177,1.44859384243702
9969,9.18896010090546e-177,1.64219794425879
545,9.716540370029419e-177,2.03380321057174
7003,6.93390456434768e-175,1.41607477840508
3320,3.8738795690046005e-174,1.87789155869953
259091,1.08800647318536e-173,1.88020900622087
1545,3.81861817164479e-173,1.34560241673531
9774,6.53161118326297e-173,1.78132659980452
10592,8.528054962025381e-173,1.94617120501656
558141,3.26097573904249e-171,2.04005876970486
57551,7.70531426219773e-170,1.58915845147246
56916,1.71969374250835e-169,1.80283540611173
11215,6.48021124676299e-169,1.90312591794853
9867,1.23123137802531e-168,1.73961401953026
9475,1.03096582115563e-167,2.04710722300354
324,2.1449273498457307e-167,2.19275105370288
9793,2.36883371089203e-167,1.49953976291389
9126,4.06133567717636e-166,1.93020460246992
1315,4.27796296830746e-165,1.44248145198017
120,6.265115099574111e-165,1.36013838992875
9857,6.34746013908706e-165,1.95451581492738
8239,2.18333007455267e-164,1.64059476922226
55023,3.1642285335021097e-164,1.77916774489558
79646,4.79248340908993e-164,1.56550631153272
285527,2.63844374380477e-163,1.83461835628722
10672,1.01257240746589e-162,1.81978333333022
10153,1.29228748389175e-162,1.90995121721883
5286,1.42862738191261e-162,2.04665927121164
1105,6.37166118808846e-162,1.97678869938704
3672,1.2899962151175602e-161,1.50236514166661
57584,2.00482190217765e-161,1.52704333120565
140890,3.1986372807841503e-161,1.75241372097488
989,3.23876841587394e-160,1.4223982628752
9748,1.24926111178028e-159,2.05552937719026
10111,2.58440385623265e-159,1.88188716147477
87178,3.28162826116678e-159,1.74049520710656
6596,3.90972746553069e-159,1.52624485197591
284,5.49937251046798e-158,1.82028996223045
84146,2.00100538229577e-156,2.03321699471674
3516,1.7182799816580902e-155,1.50224017136829
79832,3.5435131768039004e-155,1.89137045448192
57187,6.5087535378587e-154,1.8363942744902
23451,1.05733587015248e-153,1.49278140132207
259282,5.42391637166825e-153,1.80423386985045
6093,1.53243689660061e-152,1.74176589036875
3075,1.7003825014260701e-152,1.74697411947943
8615,1.7125677602410906e-152,1.51235996602786
79670,7.77322041167257e-152,1.67875956036259
55320,1.9453217992829503e-151,1.99810197391844
23271,2.7100184602261e-151,1.60206593634523
3842,5.3336122662663915e-151,1.48750641181905
4763,1.02560377639013e-150,1.3432638058247
9765,1.02560377639013e-150,1.93994829657272
22894,1.10542302142447e-150,1.81723486809133
22862,1.72527245219383e-150,1.65147283554869
7035,2.53082959086509e-150,1.37443309612898
57448,4.80961972892939e-150,1.49912264324613
4820,1.09170447043944e-149,1.65724744673408
6745,1.4640982023422801e-149,1.34035576989783
4012,2.18422757664627e-149,1.41221200785308
675,2.58705466343924e-149,2.24959297578416
9782,8.37590828788967e-149,1.40030309697028
6059,9.83747971181863e-149,1.46512872931856
4311,2.48411872000029e-147,1.55598711564727
5980,8.98944788948398e-147,1.79195264496044
29028,1.19431607906478e-146,1.6832779411655
6738,3.81415050791985e-146,1.61664402564475
29761,4.39780543633806e-146,1.81074204610939
24138,3.57471520245731e-145,1.65397037283314
5586,5.90627873691249e-145,1.5313677335436
4780,1.0781239128869e-144,1.62302080737039
10527,1.17591362531557e-144,1.34312586513473
23350,1.47005304481393e-144,1.63505782510622
7840,2.25557433942274e-144,1.87834283880889
127933,2.49658449386661e-144,1.3313269931069
51132,6.6616846910926e-144,1.41032239496147
9736,1.18837707903344e-143,1.72882444308546
7402,1.31150702858239e-143,1.8248737812667
23657,2.75964556003017e-143,1.68963168711514
375743,4.40433911577201e-143,1.62889015957593
23517,9.21717769331258e-143,1.59472815280874
23262,7.68271707076733e-142,1.80919422810253
329,1.00414657133959e-141,1.66601547320002
102,3.86373402736668e-141,1.32478301513424
2182,4.72815543880696e-141,1.39771692515433
54532,5.92018277634631e-141,1.94841243199323
79974,8.919655713664899e-141,1.58452864842444
23405,2.84774212186874e-140,1.94684757468468
9575,3.1251227110505e-140,1.69712345253791
51199,5.49659461363813e-140,1.65601450252964
1894,8.06297297012193e-140,1.77117928341277
7082,1.29098595867105e-139,1.19573243093003
23312,1.46028949515462e-139,2.09991055493987
2764,4.21510388754846e-139,1.68365567493983
7707,9.08086646525521e-139,1.59405739315268
10565,3.74886183667224e-137,1.62833172872829
202,4.48157896481404e-137,1.31108640824963
11073,8.20315580679487e-137,1.65964962905126
6594,1.31247638150698e-136,1.41326187406959
10561,2.58181825158497e-135,1.72922428364937
9135,1.19002822033545e-134,1.5289509349681
9321,3.4778432875797297e-134,2.26593187100037
27125,8.990946329672019e-134,1.29396668434202
10600,6.82272631316014e-133,2.08327788695969
4131,1.25244701477184e-132,1.72096280959056
85440,1.51708296009196e-132,1.52346746902104
160418,2.95193212071948e-132,1.70596697063252
4600,5.95103025012139e-132,1.33969870037632
54822,7.041584725087561e-132,1.70423053203567
7525,1.12416169274744e-131,1.60672470032158
51366,2.44583522457884e-131,1.26784704230049
9648,3.09711196304074e-131,2.04991998553902
200576,1.04161786295508e-130,1.55170937792025
330,1.02685899787495e-129,1.83527130767601
148362,1.64989943069501e-129,1.57501081384969
390,2.76579820073267e-129,1.59648183621089
8826,6.3922141528717e-129,1.46715671736014
23230,1.63268308352907e-128,1.97459065123054
10135,2.0244134936365e-128,1.36661912752037
9958,3.85870903425468e-128,1.84262735536609
54443,1.29648317750807e-127,1.74501909021568
79627,3.21149472976297e-127,1.19889669167297
55752,2.3322758925624488e-126,1.44149636021042
6018,5.80445537733921e-126,1.67236418063253
26009,7.45855703931453e-126,1.5247540746203
800,9.698359094455339e-126,1.28212648219301
1983,1.44759313286197e-125,1.14030525558108
829,1.7167617647728698e-125,1.22251694210331
55000,1.91474928866884e-125,1.66762761782981
3839,2.58006556899888e-125,1.48219102305027
5500,3.09720074340383e-125,1.23093254045653
6938,3.57389538882713e-125,1.28216035576383
23424,7.56455102511944e-125,1.65168105492063
23304,2.09386284784021e-124,1.46435961202295
528,1.54939544171713e-123,1.53064745064474
1130,2.32744672437466e-123,1.61701502982862
5925,3.08423586617508e-123,1.41594360118133
6731,3.64317383702268e-123,1.17607534866121
51762,3.92973037396505e-123,1.35248636885686
6935,6.16937738059773e-123,1.46058325968129
54801,6.56626293541211e-123,1.63457734290447
157680,9.563320569746328e-123,1.60613589194904
4289,1.17846029116351e-122,1.53970528172387
7110,2.35034924731926e-122,1.72270128223206
25998,1.2070547233072e-121,1.37960490482184
57515,1.51731330666405e-121,1.11874397726159
23049,2.50800630872037e-121,1.34259168394146
7174,3.74075218527004e-121,1.46688942645412
2241,5.68671118587429e-121,2.08382576156255
23272,1.19668296106849e-120,1.49922787212448
116064,2.2163630250787702e-120,1.42190348343098
8450,5.3328962037332606e-120,1.42936156971141
54726,1.38930852712259e-119,1.58561076154867
2186,3.24682906603688e-119,1.42169442017342
55681,4.40997550746174e-119,1.68447247557903
8661,2.39115251346994e-118,1.36664597501144
51474,3.02870193493865e-118,1.14766815657615
58517,4.4455608858361e-118,1.58639729162532
79659,5.59702144258598e-118,1.54809791469238
79982,1.07838508629293e-117,1.78770070189912
57561,1.1909660569411999e-117,1.36039791924882
3308,1.3778263994899102e-117,1.21760647400551
64318,1.85225060417009e-117,1.58802496080645
9749,2.5070578819698703e-117,1.46431795600476
6772,3.40058112394497e-117,1.73451897208927
55737,2.1267676894875e-116,1.0800833390545
8329,2.32328754710585e-116,-1.16843961465793
5825,2.32761691561611e-116,1.31625528435266
10260,2.32761691561611e-116,1.61142599379012
54467,3.68077757790946e-116,1.47205013824556
205717,4.3357582835564895e-116,1.55285360087197
51773,6.6154664236013e-116,1.68912433137943
8491,1.16196488338734e-115,1.47088792248928
3977,1.41932035078983e-115,1.59569477950078
4938,2.25604575842532e-115,1.13980376712741
57587,2.66958196205052e-115,1.4644505963027
23215,3.65046248619343e-115,1.17719855856523
91543,4.33802855192636e-115,3.37982476093194
51014,1.26195683475789e-114,1.24480811306029
10725,1.4496204956617e-114,1.47649060963891
7543,2.510809152418389e-114,1.39793053124851
301,4.1892398844138005e-114,1.46322547652197
51100,7.82203974610096e-114,1.1505247768294
10988,1.7311619388464e-113,1.36122201895684
84333,1.8415443074281e-113,1.87711488109838
22878,1.89422534752814e-113,1.49449453062604
25957,4.59434905555204e-113,1.38539014862285
55102,4.7174795735486704e-113,1.59608808479436
2191,6.200414242326321e-113,1.61585045255628
57961,6.753164218602501e-113,1.20733350041513
80155,7.71836083851207e-113,1.49462778266802
55031,8.860054532887511e-113,1.67983648593507
9585,9.98539093351379e-113,2.02855076205631
4925,3.02126963321531e-112,1.61986634913425
6670,4.34521750241414e-112,1.22864698301658
2744,5.0391051941665625e-112,1.10802925853678
490,5.4873204087876215e-112,1.61776640527888
51663,6.12115674019422e-112,1.23185998384624
84668,8.1200963509969005e-112,1.2670681468072
10142,8.1200963509969005e-112,2.22559514356391
9961,8.630066191365861e-112,1.33308807404137
5932,1.62702696496586e-111,1.68046839991476
25836,2.4185855691459106e-111,1.88079231199625
10274,3.1504347316898204e-111,1.53723741915333
8476,4.15535497586029e-111,1.5571084473012
3096,7.29676743233872e-111,1.76089574750526
8204,7.32256032528462e-111,1.85394276345676
8989,2.096730803069e-110,1.15221196548804
4288,2.38931798096585e-110,1.25933129093401
523,2.10558792730375e-109,1.02322660598107
131544,2.3650589350076e-109,1.91081569910515
9931,2.53880195515476e-109,1.46905636900749
10808,2.55214777424818e-109,1.59169737956923
23358,2.57212873007738e-109,1.59279030513576
55186,3.245735772639892e-109,1.44198698737478
9994,3.6546797491216e-109,1.87443677777493
96459,5.74267202687235e-109,1.53891304225101
8332,1.07375704445791e-108,-1.19872728476431
10150,2.8247660997468e-108,1.65398297697411
2058,3.72396796993383e-108,1.34208679136034
1386,3.72396796993383e-108,1.47637632428306
6249,6.2856452048795e-108,1.25919064587702
64397,8.07650285406924e-108,1.28009866658425
3007,8.98370681574726e-108,-1.16837521820649
25782,2.78936078795799e-107,1.36169140871865
23198,3.25906712487105e-107,1.42260160187293
135112,3.42044189391916e-107,1.46443740221463
1654,3.84179040633183e-107,1.33192118341124
7750,4.17289227652014e-107,1.54245968981846
8366,4.75996210020292e-107,-1.18677044727002
10499,6.89881701091562e-107,1.49018891846726
23167,7.330136200416001e-107,1.29693225315056
54495,7.95276373767767e-107,1.40759995906158
3416,9.90700494753195e-107,1.58985627915099
9101,1.04514163159082e-106,1.44783449182459
8887,2.07871144286316e-106,1.50370737397805
6885,3.02137616135418e-106,1.40198148282776
26586,4.60022763856719e-106,1.72792053042513
9716,4.88463295496787e-106,1.52086548004584
30836,6.05537134609517e-106,1.88525777092445
54790,8.04513568754421e-106,1.7808287524752
1781,8.71500865560915e-106,1.37452630028727
84188,9.46857841660934e-106,1.55134708118506
55236,9.46857841660934e-106,1.60178451130233
64844,2.46003830941052e-105,1.38914814044725
57532,2.95571018758597e-105,1.16307119853923
9411,5.40024770462123e-105,1.86598086437995
5965,6.85280186109674e-105,1.52450008504717
9581,6.85302865436189e-105,1.60844632761107
55127,2.40900591184141e-104,1.29954939723414
7095,5.47406299956316e-104,1.45115097454501
8546,5.4812812698320304e-104,1.3024573621827
7675,6.362646716469891e-104,1.50752809262586
1665,7.3083564848033e-104,1.26929214080233
64770,8.102284023476852e-104,1.6025514830509
5711,8.745868226891092e-104,1.15409691023175
11213,1.50165170344264e-103,1.07527813077649
5728,2.64547466693744e-103,1.0122846528465
6197,3.09341406887522e-103,1.55275429230599
23607,1.60322882175428e-102,1.61873113488098
23001,3.96084662426493e-102,1.38616415154994
9318,4.76199184278141e-102,1.40780009247449
65056,2.16167928944645e-101,1.27124048367078
5290,2.4208077941381998e-101,1.92542173217341
5981,2.63200982912663e-101,1.28116885552793
663,3.6765196692481497e-101,1.35474202278449
88991,4.15680977652098e-101,1.47982762133068
8969,6.7749864934993e-101,-1.06186312958884
5885,1.19364926178187e-100,1.19917168841608
9611,1.24659615746096e-100,1.15940464882752
4090,1.25366078043716e-100,1.3728806201932
7705,2.03897028058103e-100,1.74046699932488
10914,2.10698059428225e-100,1.37608876329084
4254,4.0272366087014997e-100,1.710804643416
23243,1.09987585432609e-99,1.34694434327
4087,1.44522593602525e-99,1.01320955027263
80267,1.57182471658212e-99,1.45947676738011
221079,2.78083332713344e-99,1.85042952538092
23137,3.33340828463548e-99,1.59432745259023
441155,4.33943991754752e-99,1.36606385062595
8763,7.33872485960319e-99,1.19680057706756
10051,3.29871531672799e-98,1.2863062996926
55667,3.96821970890832e-98,1.61980080445091
8350,5.07324402406793e-98,-1.23211193520006
64167,6.12456010206528e-98,1.04774092527333
6651,1.74125133893871e-97,1.06685657867328
60559,2.08388099541192e-97,1.02972540137152
85235,2.50900069366879e-97,-1.11998005933008
3796,3.5371964985097e-97,1.57283901492322
6386,7.72275703325214e-97,1.31709415881127
196527,8.119206807879648e-97,1.06491832341861
10979,1.91325083386896e-96,1.21968765302052
2908,2.10167478630321e-96,1.32581831572838
8894,2.46508438978736e-96,1.02495309398507
7398,5.42921882482459e-96,1.31300126016162
214,5.5382291066943e-96,1.42869843089281
9897,6.67422764281092e-96,1.32034392234665
22868,6.8080764219011e-96,1.4607771196431
3431,9.16883651220436e-96,1.42688476526217
23111,1.4137794122651501e-95,1.05585555483162
51430,1.90025492118426e-95,1.63941634024978
4599,2.40617149553637e-95,1.22088687450417
253943,2.45865442364289e-95,1.24892435114816
23365,1.38978803625397e-94,1.27651260198635
1657,1.58160775840234e-94,1.72798389140819
23190,3.6770560611921297e-94,1.33301783633001
79677,3.98598923130944e-94,1.88200609967739
151011,4.5955608147649497e-94,1.24405000386703
51105,8.18377281768003e-94,1.46793127885742
5597,9.50089656553565e-94,1.35572374269124
100381270,1.00133341156158e-93,1.45544825216773
134429,2.26355902229658e-93,1.43524706458881
55854,2.6284664707478403e-93,1.39900757207758
9728,2.6762031970490003e-93,1.46452646192267
4124,2.84735691754759e-93,1.37899748706225
79882,3.1551954725467e-93,1.16357229013313
26036,3.16319517706368e-93,1.34333233724217
55729,3.90970896010018e-93,1.37570808315468
8930,3.91324175402782e-93,1.44172173098392
3013,6.29760154318573e-93,-1.04214620965417
80114,1.1304354668858e-92,1.34346373110504
6925,1.8890892542855598e-92,1.38986606069875
79834,5.702099745060429e-92,1.21949567108053
23379,6.04655644478541e-92,1.28179323054619
3097,8.934719862056239e-92,1.32264778596427
672,1.5089539619264102e-91,1.49969084905694
10640,1.64880798511976e-91,1.69856865566243
7098,1.7504414385096e-91,2.09599222146038
57498,2.60309082131169e-91,1.46068639997417
80208,4.96031592025054e-91,1.27874705621904
9360,7.96727773914709e-91,1.83020903502249
659,8.41817110103104e-91,1.28321790091659
9933,2.02829815240768e-90,1.40290140604471
4179,2.03500173626762e-90,1.03406751634825
3685,2.1584650640385e-90,1.29958077887965
80124,2.49025339072368e-90,1.40910021409298
299941,2.68485858179834e-90,1.96073183384491
23595,3.73912326238787e-90,1.58988968824154
2820,5.30503562224608e-90,1.18630119106994
79811,1.30400566018601e-89,1.39700403117655
6091,1.89045074107593e-89,1.17776880388148
5978,2.91738974944244e-89,1.42957695906483
8355,3.69692507271804e-89,-1.12079184803191
8354,5.21721339324077e-89,-1.28789222739806
9988,5.4336670480407e-89,1.77408865540667
151987,6.51227345013426e-89,1.2032818914138
122786,7.15197361884595e-89,1.03855924524403
2551,1.07927030205291e-88,1.54561904289716
1062,1.10948499099172e-88,2.31994137822656
10443,1.14066974814247e-88,1.25378078161946
23036,1.22791661645058e-88,1.66943155064641
130507,3.14365462147146e-88,1.48958294724025
1213,3.15392751391018e-88,1.72081054061517
81539,3.85106216585765e-88,1.1804174941961
9043,4.24963439844691e-88,1.10515799908654
8340,7.88752443541589e-88,-1.06248803655776
4436,8.01174478197763e-88,1.24441462043358
11183,1.81412595680326e-87,1.41113542418479
79158,2.28032183593274e-87,1.53237303669618
79718,3.38149114784923e-87,1.3103685493618
988,4.93004772245342e-87,1.27827712309857
129607,6.9839248545168505e-87,2.50008483606181
53981,7.56841953404396e-87,1.15559903214117
57045,1.2332137606276e-86,1.11420033976396
135228,1.23921212033669e-86,1.00277340033256
831,1.24428899076885e-86,1.04715509079703
84248,1.28387642126018e-86,1.50407490639907
65125,2.51165596039499e-86,1.08865542053178
8898,2.69520807505133e-86,1.17352827602276
493869,3.76438207083337e-86,1.01372747165855
55193,5.8555716400173e-86,1.26200011416606
54904,8.45558831308073e-86,1.16931106460077
1021,9.64079423337757e-86,1.42064040268906
9702,1.00979531379686e-85,1.29960885071203
3646,1.28798995312113e-85,1.20819934194547
11260,1.42780858400085e-85,1.06161903833193
55749,1.5204437717539e-85,1.27386586601725
23089,1.95191135925702e-85,1.03448447558233
23376,2.23918646043691e-85,1.58446816070043
5359,2.2788012969371e-85,1.07962166184017
3964,2.4819952574774105e-85,1.29195384817149
5431,3.7493751206919e-85,1.08576507681261
22990,6.01584749333594e-85,1.00676221087528
23683,6.85003310371733e-85,1.45682134195213
8065,8.147017249699471e-85,1.39437757906834
5962,8.862903905627311e-85,1.25111313795671
50999,8.93388142475308e-85,1.1221656822767
987,9.64510509339668e-85,1.35021727050755
23032,1.05380423815621e-84,1.19843193057807
57120,1.9071889862850999e-84,1.22514839076966
140609,2.05254353806144e-84,1.33528279682878
830,2.1146878049087e-84,1.07580264910806
8777,3.11707706390798e-84,1.38326332981765
57534,3.45322831773988e-84,1.30428491848594
2005,4.3734105748049995e-84,1.33850433595649
10059,5.65971737496972e-84,1.31610546373524
55740,5.92763143929838e-84,1.0321361421366
22930,6.82817228016308e-84,1.13547040126273
27303,8.20302929952509e-84,1.2287663085466
23200,1.5406847501829e-83,1.4321231308969
4060,1.6077580335267098e-83,1.68236525122037
80012,2.3807074353052098e-83,1.19518854094997
4659,2.39425500665953e-83,1.39469675711771
55252,3.4429146830641896e-83,1.26530171096013
5411,6.482921211174669e-83,1.27783021485523
25962,6.94027774551701e-83,1.21239538909902
5562,7.72482793326675e-83,1.2245248194536
900,9.098268285041567e-83,1.03784800043137
9202,1.03317500644016e-82,1.27012708676522
11177,1.07421810056567e-82,1.67793495963805
63901,1.14495682838671e-82,1.31480331856266
4026,1.93042329952133e-82,1.24141794762438
8294,2.8198539111904e-82,-1.11681347803031
25939,3.65544144206846e-82,1.04218180085064
23074,4.1727841075468295e-82,1.8624627729603
8545,4.43063945608151e-82,1.34148328548158
4193,5.0654089269209e-82,1.13746787124322
134430,1.57452023013399e-81,1.21046474020522
9839,1.60615589249321e-81,1.42946078330859
4628,3.16011872310169e-81,1.00070413608903
4649,3.19129943656145e-81,1.31451536533114
375056,3.290691745189769e-81,1.23958906898687
9590,4.45610375607111e-81,1.01411486525009
8352,4.47996918128677e-81,-1.11024699288424
231181,4.98860768683385e-81,1.25525444981074
6873,6.41004682119334e-81,1.36695797858498
149041,8.85898891088274e-81,1.16060041427843
60684,1.1765525493083799e-80,1.48674469369126
285636,1.353894880603e-80,1.58019236058802
162394,1.4907227300493099e-80,1.02108581297709
3843,3.30427565527689e-80,1.06017301974636
114908,3.4548681517249196e-80,1.07410304179198
164,3.4808750867703e-80,1.07352502071434
64746,4.3431150398744996e-80,1.18041926093018
9044,5.83597854759245e-80,1.26708916098167
55187,8.35843052257999e-80,1.1197336956979
23047,1.17916563204582e-79,1.50005207740205
2059,1.86605391421796e-79,1.14837413722338
65250,2.411055789294909e-79,1.68199976086692
23041,2.71940836929822e-79,1.26168032062642
9262,2.91895884094651e-79,1.13163569029806
9693,2.97045867042868e-79,1.32534208117488
4677,3.55254583349378e-79,1.00984817003125
80232,3.7636427454078e-79,1.18507818157284
3012,4.00996548863403e-79,-1.06866201930552
3658,5.37653321101279e-79,1.50182090223323
50640,6.31658774088045e-79,1.45597177051868
8453,8.3907153464707e-79,1.53056693532645
55870,1.252039483551e-78,1.20059596216022
8357,2.87040557206528e-78,-1.10816711077287
9295,4.44180730952795e-78,1.27808129654639
90102,6.3839806058793085e-78,1.23503194387704
9522,9.319447510392859e-78,1.24808639703401
8346,9.81192552505057e-78,-1.0945208627414
80351,1.16230705598728e-77,1.24130194426488
8356,1.1857040551631899e-77,-1.14743715721844
9735,1.2023624028431799e-77,1.29683705501254
57122,1.20439674141846e-77,1.18043237104132
8087,1.31913377163934e-77,1.23856756368627
23161,1.5116142493373598e-77,1.36305421950977
10564,1.94815799511741e-77,1.12588006385386
26985,2.01991235560568e-77,1.29863161067507
10984,3.079120401606129e-77,1.31493731782024
389136,3.54901977217916e-77,1.84577419225452
64328,3.98909842281728e-77,1.59146368539427
9787,4.0441703590486195e-77,1.4615046778598
55233,7.770601965424759e-77,1.02624022359505
84128,1.16765880884935e-76,1.09648753461525
27340,1.42438239733656e-76,1.52898837317179
3840,2.43848373564318e-76,1.02007006264932
98591,2.4554325836813e-76,1.55511963153532
4921,2.61962072466564e-76,1.0495989415919
55719,2.82226360393981e-76,1.17534148156248
23355,4.46824947006315e-76,1.36397062010632
283078,4.73192723273922e-76,1.23256923359333
11196,5.69451741594707e-76,1.11959272930773
11278,6.31111023498163e-76,1.83035453743442
8351,7.0166675492557e-76,-1.11083666534293
8368,1.04995640336675e-75,-1.23120438289421
55206,1.36935199425372e-75,1.18761929470681
57181,3.50360736908293e-75,1.41905802086403
55773,4.00174922312934e-75,1.42169950338822
26043,6.70417434769584e-75,1.17676830673343
80830,6.8301951615512e-75,1.02499942349914
3018,8.11625380272597e-75,-1.02669395288835
57708,1.11534844072387e-74,1.22886832295649
57590,1.3445169867806e-74,1.21472621573471
55669,1.5405925382081201e-74,1.29076597764305
9655,2.51035489544781e-74,1.17514936970198
54529,3.1232057619534106e-74,1.29891247559257
23091,3.62882183210262e-74,1.56748838318693
9406,4.29566496243506e-74,1.40153267313393
4154,4.45707829277152e-74,1.01156528354076
57728,4.71674481316824e-74,1.37887968899249
139818,4.9200489399647104e-74,1.76037428530869
80097,6.233472575319141e-74,-1.18672333544212
4686,9.79398549218651e-74,1.18551314843929
8030,1.14116943308169e-73,1.10633007116444
23019,1.67962481613328e-73,1.16288183590161
9991,2.09043760236434e-73,1.18628225991667
7046,3.13115092624587e-73,1.22669525088444
51592,4.30976927067185e-73,1.38044233308826
100001,5.717173714163081e-73,1.0804168346803
93663,7.444315251713721e-73,1.3938463856913
10154,8.237721056017511e-73,1.82611650322266
2776,9.190005772473112e-73,1.34048327767266
81688,9.463068111438561e-73,1.02111956839596
54874,1.22376812051829e-72,1.45964600085163
10746,1.26425029869036e-72,1.28724603055874
27107,1.38103568221015e-72,1.43491383320106
643314,1.42482758127626e-72,1.16033122850454
3998,3.20167470344579e-72,1.19440349817355
54462,3.69719934818257e-72,1.36687028794463
3344,3.88221291930716e-72,1.54634478938621
26054,4.44041962674838e-72,1.24410503050166
23390,5.04132779988746e-72,1.46730818218658
8323,5.39546168289406e-72,1.24302305605268
166929,7.08695274877992e-72,1.39364068816
3009,7.10350750061552e-72,-1.15347496297709
10210,1.79791828087742e-71,1.26620801429094
9689,1.92359161539562e-71,1.16799871470111
6049,2.37207436869572e-71,1.57974544122117
9107,2.63807990391499e-71,1.32110038162289
54664,2.77992207031639e-71,1.29149776174048
374354,2.77992207031639e-71,1.58191345935146
57223,2.94451537583399e-71,1.17924742121624
1738,3.88633846243383e-71,1.29109578844292
10241,4.18057358216568e-71,1.05872908205656
5352,5.72690807823213e-71,1.00550930174968
8731,9.69517799943632e-71,1.47462285762262
54537,1.0506151198372499e-70,1.61927311371154
8540,1.21080805151154e-70,1.10725018031402
9320,1.3586825000474e-70,1.2016611231556
3091,1.3586825000474e-70,1.75707181762641
11103,1.49068258870804e-70,1.58269463322156
55103,1.49789811614058e-70,1.20140318029576
3008,1.68103745435155e-70,-1.12738536903852
8358,2.04978505238058e-70,-1.16461574064705
28977,2.21114807920254e-70,1.0677720655551
79657,3.33044455841071e-70,1.92715261169848
9646,3.70634376276895e-70,1.19005272575397
5937,5.22978852989578e-70,1.01541537951965
51068,8.944278034314309e-70,1.40078089934989
5289,1.07957859529812e-69,1.43565779142699
3399,1.34814603077813e-69,-1.70107985234864
197131,1.39059500490509e-69,1.31172979292455
83737,1.88549190250092e-69,1.09224662713682
3832,2.13367149559439e-69,1.35982020380815
1122,2.25011242377292e-69,1.91041500827261
64062,2.72332010998815e-69,1.22076028562404
58508,2.84181873384066e-69,1.01292544735873
8335,2.91468648993025e-69,-1.16228423564984
8338,3.07546871402208e-69,-1.03186299574757
57157,3.36943499412991e-69,1.36183553129062
7559,5.78328837663636e-69,1.77936175332025
10788,6.88591383845017e-69,2.17088628417426
26512,7.20480825408393e-69,1.13711939756265
85459,8.73625379688641e-69,1.97039795395257
9497,9.25968812456338e-69,1.06264198943336
1488671,1.06346383956051e-68,1.10726690890995
55745,1.0756549679701e-68,1.50232513242643
27030,1.17344991026441e-68,1.3549007343157
55207,1.45000751492953e-68,1.09213292073066
196,1.57815740626673e-68,1.04453301268552
6801,2.30957735942052e-68,1.44217388388234
1806,2.56981392307354e-68,1.19718560880092
29966,2.75955450119306e-68,1.18377469967817
6491,2.76311735668004e-68,1.25765893075005
51194,3.3700505764820703e-68,1.24967666286183
221035,3.89666573441461e-68,1.06542051621744
25925,5.89463215961505e-68,1.2926590589912
4591,5.97868738272053e-68,1.18296784068881
253832,6.40834423906446e-68,1.08290577573457
11244,7.197546112828901e-68,1.58771945733284
1121,7.46448512302462e-68,1.73563955273313
79822,7.55502601432524e-68,1.43461870021559
91612,7.97737331393205e-68,1.17791761159929
59345,9.34932520874921e-68,1.16593537312478
90338,1.27699698747179e-67,1.48589515204794
5295,1.5754414765111e-67,1.20690393644661
3709,1.61098895521542e-67,1.41583656227447
8968,1.89253043417662e-67,-1.1671916503814
122809,1.93435410287847e-67,1.4475939464713
157769,2.00543022593699e-67,1.40536724357895
8360,2.5403927021578702e-67,-1.12526175159492
55676,4.22868924238488e-67,1.2320470223559
85460,5.47080867928454e-67,1.40113061996788
55824,7.53403837156126e-67,1.02464894966603
9194,7.582004130367421e-67,1.52068816988244
4194,8.514411844312021e-67,1.20624631062843
85363,8.90769631088408e-67,1.05479194290179
54477,9.11884615894948e-67,1.34416308022915
375748,1.24404140238931e-66,1.44368229518244
5238,2.88979601530133e-66,1.19641641207704
262,3.22314757188538e-66,1.1051710363426
9653,3.47010242230209e-66,1.08945490318795
26019,5.31372812679704e-66,1.74143244246543
3017,6.27182936104657e-66,-1.02242940224664
55327,7.1407379112889e-66,1.13566245003294
91137,7.72525726671931e-66,1.08760044714704
196441,8.27948302631001e-66,1.93849576703509
23269,1.7440700864226101e-65,1.01301899253589
4350,1.98512026836458e-65,-1.02750370161751
80143,2.0950734672755202e-65,1.20585874948038
904,2.38979288913726e-65,1.01872299420259
84955,3.93814118692519e-65,1.34337967198694
7587,3.97378938122413e-65,1.3936986743037
8548,4.06063526676356e-65,2.21986656537319
23468,5.05288677295563e-65,1.03693853395172
1005008422,5.22031185658582e-65,1.30746741169357
9439,5.70028068223232e-65,1.28321694528671
9306,5.89879322587421e-65,1.20766843122948
817,6.48536331988482e-65,1.0357062017563
84910,7.46208950970448e-65,1.08598394496272
10892,9.35914969109325e-65,1.33605370547049
54800,1.00380336857008e-64,1.15533917211784
9188,1.07833302059793e-64,1.0436701786246
9147,1.08036326806319e-64,1.8056573813773
58486,1.09792801884073e-64,1.10365187911554
54014,1.16971774460717e-64,1.29071065234705
51290,1.37663325459221e-64,1.32509286981297
64151,1.57911187551877e-64,1.6478828020598
1147991,1.76146245113774e-64,1.95289354517643
286410,2.00664570206866e-64,1.72566209220571
246126,2.23660427397999e-64,1.55447178727241
10802,2.75744992784535e-64,1.21099027725245
101929356,6.06111247146099e-64,1.14691705466731
538,6.46786449045357e-64,1.26024246226145
706,6.92492603967947e-64,-1.00299792922585
2060,7.02669177124021e-64,1.21318016043046
65065,7.252885229678e-64,1.38582168770569
7644,8.31504484236234e-64,2.02939675349697
1349572,8.70999290261833e-64,1.1196066633646
51313,1.09144250430644e-63,1.54645961931732
96651,1.3414545091042902e-63,1.11325083954636
9559,1.35536483748467e-63,1.08547055436183
2211781,1.4437399524975e-63,1.00015006426263
54505,2.0028178898395e-63,1.34305483230165
8804,2.03781214624741e-63,1.00783080596707
317772,2.1705318183900401e-63,-1.05896569538867
4690,3.1251840688492e-63,1.09823905939976
23013,3.34001298532864e-63,1.00764424510205
84085,3.81080861682264e-63,1.42210422796781
80018,3.89977085539707e-63,1.08369707867879
57703,6.2876917772366e-63,2.00273564959992
8554,6.65579754220073e-63,1.37357378643949
3397,6.894275771648151e-63,-1.47227407705705
1195,8.844534519773001e-63,1.20829604986341
55603,9.80064676682045e-63,1.18343905925969
23576,1.00193504562345e-62,1.23826716185277
55623,1.15410289763997e-62,1.30139508045764
23037,1.46894577546287e-62,1.15460253196835
51585,1.7340493751294199e-62,1.15008628526959
8361,1.96490794713398e-62,-1.20341138226802
4863,2.7913516153186497e-62,1.82156006082887
355,4.26502270880065e-62,1.38277572680985
79694,4.51281099861839e-62,1.93614793245466
5793,5.32133794171658e-62,1.03084531171908
2332,7.936098614267839e-62,1.32483891532962
55717,8.93616883366835e-62,1.20081722312494
5706,9.77799048812883e-62,1.02094265277324
152926,1.2396329672877202e-61,1.3521181586573
54989,1.91260199261106e-61,1.31822340566541
3024,1.9265069024074703e-61,-1.16786836441017
6643,2.39939316035719e-61,1.23384392035357
11259,2.56170642193841e-61,1.93643609456345
253143,2.7717982825649802e-61,1.5577193440141
23433,3.5068920322525506e-61,1.2449736321487
54877,4.1565120590953806e-61,1.49643017383481
9732,4.623057211221551e-61,1.20755510113381
10427,6.85182526926899e-61,1.14897367232837
26060,7.383878001021081e-61,1.22129799766222
178,8.18808920673931e-61,1.60430379539095
8520,8.72200265313659e-61,1.32661868487197
94240,1.02776787253284e-60,1.05287809783099
10513,1.15151231305852e-60,1.04669460547607
9330,1.88124103376679e-60,1.16159090157562
9778,2.1787609288937e-60,1.16160058019014
11169,2.2227344335379e-60,1.21894538938292
170506,2.3358262388179502e-60,1.54723442719488
8886,2.68555994015339e-60,1.08807625399776
6782,3.1889022315025103e-60,1.03016447531794
3070,4.7859567166234703e-60,1.17895985249573
3981,5.72176992454866e-60,2.29258527550876
158358,7.059847324972912e-60,1.800575742511
8331,7.1160470045437e-60,-1.1880952180258
26953,8.329666245997893e-60,1.39153208426337
98241,8.41272084511465e-60,1.48184187707783
4940,8.857487588747413e-60,1.02074617538614
55904,9.9018758794176e-60,1.33170270597881
90480,1.2327472166325801e-59,-1.01136032621793
55035,1.35730972417265e-59,1.65189325722732
55917,1.4825124947439001e-59,1.11538700167559
9950,1.72020575191501e-59,1.07357994859239
6654,2.10933081243417e-59,1.34163974376821
29072,2.177005338851131e-59,1.13662205410982
4644,3.11013003902542e-59,1.32012131512791
50484,3.36822600072263e-59,1.54328314584312
55074,5.09554524004014e-59,1.49045939655116
10463,5.17785093356003e-59,1.2594990733143
5921,6.37710319761066e-59,1.34724873871974
8036,9.07639429788475e-59,1.42044399257345
27072,2.19990833790787e-58,1.03104139226922
8653,2.327848239284281e-58,1.53795876772061
51747,2.761910548745861e-58,1.24057088392289
252983,3.23558101567848e-58,2.02462805465382
7637,3.72648791067695e-58,1.74050052750473
1123,4.056910860796541e-58,1.00977558846224
51026,4.67679489040202e-58,1.21859916447788
54465,5.7784220800664304e-58,1.74469653131757
9669,5.828063729242481e-58,1.6498019952571
49854,5.90924231023528e-58,1.31285179624195
941041,8.1375682508088e-58,1.48337455081236
7068,9.69960588039115e-58,1.17415509647858
26092,1.21009155524308e-57,1.18684173298861
1535,1.40661136102358e-57,-1.01251584716822
51542,1.6543373306147298e-57,1.38042307276221
23256,1.95275021415096e-57,1.14263662111114
55161,3.14485824831277e-57,1.05365651987623
55165,3.3783739830763e-57,1.29684856316261
23512,3.40469206097385e-57,1.28585564105729
54165,9.9163917297437e-57,1.06718543121628
2247,9.97675074546636e-57,1.2159638903501
10009,9.97675074546636e-57,1.51299554283034
54739,1.05277504245245e-56,2.46900852760008
3454,1.1449088209234798e-56,1.26079900816561
10198,1.34530494703702e-56,1.74738804778574
90488,1.37923317129131e-56,1.01409743695531
27032,1.47240194147377e-56,1.02469510194144
5911,1.5867776445013e-56,1.05219068600798
113251,1.98587810438859e-56,1.13571930740605
84896,2.32141347576296e-56,1.09721560258563
55656,2.86439274562886e-56,1.14424020455062
5529,3.1481545980021e-56,1.18763378459738
64116,4.840690137050389e-56,1.10922711833441
781,5.47781452067394e-56,1.51877512349461
23345,6.402927852457689e-56,1.47500977381296
253714,8.06106623743867e-56,1.34275664482435
2555,1.3354966423295095e-55,1.29165301943923
25852,1.6281416353520295e-55,1.16909293606859
9037,1.99949090137449e-55,1.10344795486686
8359,8.85727735437791e-55,-1.07956342657343
51496,1.4107440553275e-54,1.14481583805535
54806,1.5403777759675e-54,1.8610077223611
6814,1.9355141140418502e-54,1.58780527440428
4642,2.56596628195766e-54,1.00722925242721
55610,3.1658798331159e-54,1.9144221722575
57102,4.0276353581260886e-54,1.72628789514664
23095,4.76611059294223e-54,1.01868951850067
55215,6.09112889035264e-54,1.14430822264609
29889,6.36686942027843e-54,1.04339516315168
23301,7.18622468244278e-54,1.53263073167578
10818,8.22057061158483e-54,1.61385815077257
57683,8.81949387806753e-54,1.8353567033945
8727,1.08073084049135e-53,1.01181007169553
55763,1.22338267134015e-53,1.15739611448955
51742,1.2286220865976e-53,1.49208338164074
51575,1.48716833474534e-53,2.21391088795391
83548,2.07796647734155e-53,1.11966650183621
9459,2.25568354740091e-53,1.08961470196933
738,2.5375434366479503e-53,-1.0271450898149
253959,3.14801384584259e-53,1.86935723028126
7581,3.44708476350202e-53,1.59574099252633
11007,3.71846204836387e-53,-1.08467073994595
10010,4.00674331450291e-53,1.15159982450433
5128,5.40037896753884e-53,1.08720152710488
10673,5.47115863197246e-53,2.59760635086964
121441,8.95107539690625e-53,1.61586878645586
5627,1.00668317989349e-52,1.21437571888504
11228,1.00668317989349e-52,1.32360245103319
84181,1.33852613243561e-52,1.06089773922938
5592,1.76846909058678e-52,1.78881390608759
51133,1.85994048117253e-52,1.02379714684308
5814,2.04669313730754e-52,1.13527951756021
84376,2.373434224854431e-52,1.12707630682124
5933,2.4885078642080402e-52,1.32127753666904
834,2.51316268960129e-52,1.18987047898974
2218,2.5377596439900506e-52,1.43635148994773
51340,2.59818632089173e-52,1.26817112942775
11231,3.6172961925117e-52,1.22031079258862
84441,4.0399406304484506e-52,1.00905668788186
5074,6.08240263966376e-52,1.09646672505474
8452,1.36271608279275e-51,1.05081916517702
84295,1.57988650049553e-51,1.3258895379977
23142,1.71958127303528e-51,1.02640091524425
85465,1.77357521568092e-51,1.22065873894177
79027,2.8436445530669e-51,1.0606929277331
6332,3.35759184227919e-51,2.4585648009222
81846,4.34584230934289e-51,1.03431302120695
55958,4.44766829944372e-51,1.2205013026585
25820,5.51087158734953e-51,1.24542511396202
5332,6.5856735515364e-51,1.63898746824075
57700,7.47375210034072e-51,1.100332434863
83939,9.23522858690117e-51,1.05886004044015
83478,1.41855962441655e-50,1.03008134940847
64343,1.46277539947334e-50,1.11520761495473
54998,1.51918469947888e-50,-1.05106519226626
345778,1.53957803959654e-50,1.48097877439447
65117,1.54217792313293e-50,1.02286226846391
7130,2.12015509602062e-50,1.17268891454164
57539,2.29724954720826e-50,1.50335953531589
137886,2.33812815238183e-50,1.31904835326572
55728,2.95988891178646e-50,2.11428970852131
154007,3.6777016912174297e-50,1.01122172803278
1456,4.38438251787042e-50,1.12281585098346
64864,4.51156437337931e-50,1.57420772966052
5567,1.2465731629729298e-49,1.63727871867251
118987,1.31780162045147e-49,1.2772050748896
246175,1.5253795659768498e-49,1.25161174603342
9472,1.56024857352115e-49,1.21891114760639
5178,1.72203560732575e-49,1.21957172836953
23394,1.8580071908835e-49,1.05393786967319
84930,1.93991361051841e-49,1.1254237581787
167153,2.08708728966936e-49,1.07982037617805
2589,2.39169772259918e-49,1.02576710635893
3572,2.7294526858997098e-49,2.10549331807794
1038,3.2895815685782e-49,2.90686504546627
23461,3.68052365090994e-49,1.70525924730743
55783,4.9450226641094286e-49,1.30995417576861
55726,6.031133654951709e-49,1.17904167290464
84640,6.0521104092172885e-49,1.3001102907811
7337,6.0783072553267896e-49,1.06068574925227
10269,7.698346223069209e-49,1.04101548736665
81611,8.32627965830133e-49,1.05585274200314
80821,9.7004428562294e-49,1.34243867571236
9493,1.03391895702192e-48,1.09771316632036
9354,1.16952646846659e-48,1.17603162249581
1385,1.21871564929114e-48,1.05472526657684
79664,1.30601367023918e-48,1.35863620672335
9852,1.40520454101411e-48,1.09663947970305
57205,1.63763376264806e-48,1.02538473226264
79577,1.84256752693403e-48,1.15808668833966
284801,2.43361427399811e-48,-1.11175398656086
26258,2.86261580341217e-48,1.0264379044873
11311,2.90444611164257e-48,1.06456688877225
25932,3.01684412836294e-48,1.06647993309362
8895,3.76479410095078e-48,1.03531148601177
29110,4.09752468072709e-48,1.21410307343896
57082,4.7475982092125697e-48,1.83143556886274
60496,5.71382228878126e-48,1.14238816412713
51690,5.96238716567464e-48,-1.03473910938909
23321,7.77418067378467e-48,1.17343959675988
50618,8.83302730383654e-48,1.45423920410772
55500,1.01822979786715e-47,1.24426837499152
5930,1.02282418637336e-47,1.15910897942684
80255,1.03928136481284e-47,1.01309103200207
79884,1.16327192094265e-47,2.14944922043985
10308,1.3253405228927802e-47,1.85215450675873
134218,1.80596351862304e-47,1.04328303038582
4521,1.84534958124193e-47,-1.01159633463974
5782,2.95260313034996e-47,1.03747411751747
54834,4.40745649180633e-47,1.15229306623132
8648,5.86920622970696e-47,1.20135875594814
158747,6.53474325998291e-47,1.93483620039998
905,6.71087836362142e-47,1.39807524631585
168451,7.08972915130246e-47,1.40335883598784
160897,1.33457210546769e-46,1.48750546005077
648,1.38844605004909e-46,1.13499692196818
170958,1.44558508637895e-46,1.99190413472651
8202,1.51939236967158e-46,1.00644382638984
64786,2.2586218617487203e-46,1.50208978590885
10795,2.8960941110852003e-46,1.88123543592304
84437,2.9372590022926502e-46,1.15442694476445
4133,3.0334868032563303e-46,1.58194597091473
339324,5.72071767443524e-46,1.75430454155924
26750,6.2563885959259e-46,1.21006946255384
64949,6.96863797822919e-46,-1.03023823340711
79839,7.353370675037731e-46,1.6735684963452
28962,9.365017666072961e-46,1.03719027261065
55133,9.79523289267688e-46,1.13700143306846
54908,1.03422853331649e-45,1.33173462839085
23431,1.19594538000753e-45,1.31077656094174
196528,1.46217792074975e-45,1.47991779500433
221830,1.46483585818861e-45,1.51188238381048
100289635,1.55434216300003e-45,2.04716722982341
64398,1.93021112946565e-45,1.13458829433403
9879,2.03532809284804e-45,1.11852936545179
80856,4.65552777214529e-45,1.08631005836356
117178,5.555110902248621e-45,1.6322763957224
55677,6.91250069664094e-45,1.08412794940139
114793,7.68549220313121e-45,1.06810653550723
7272,8.172060560186522e-45,1.6933545668253
57511,1.18377024578686e-44,1.29735939013736
889,1.22147253895237e-44,1.24687402070666
25938,1.69222485051201e-44,1.76702697094888
29843,1.7384739120118902e-44,1.01701873712831
10087,2.10367023047823e-44,1.37198235370394
143686,2.3824166568241e-44,1.51116939734211
60592,2.5106345400197e-44,1.40091775534493
79575,2.59378577206509e-44,-1.10878836133217
153222,2.65855561007151e-44,1.70884960184576
91661,2.7856992805903303e-44,1.96492623565052
23253,3.370333694769412e-44,1.37505669705066
168850,5.18385861678881e-44,1.39259132691689
55757,6.55635892872567e-44,1.06947196696969
9874,7.38155696128649e-44,1.62080824141153
166968,8.125447881440871e-44,1.74530855778838
22890,9.267736906703561e-44,1.01870344301409
6498,1.28450769752497e-43,1.0324943555792
10314,1.4078965976657e-43,1.06252082694518
51186,1.6286973691537698e-43,1.04481596783891
120892,2.06825055782162e-43,1.72830795630827
54149,2.49171132108075e-43,1.89398088598413
55631,2.56265923128338e-43,1.62915182094881
51426,2.64002519847295e-43,1.78207484471168
1739,2.78059984175074e-43,1.04626853073065
7072,3.0208188638717897e-43,1.00672544765521
3006,3.09846906174476e-43,-1.10325256065009
83990,3.95120304003451e-43,1.61280922674368
1362,4.17041875509673e-43,1.67253905515259
440689,4.1888398122382895e-43,-1.19389427619805
257397,4.856057449620699e-43,1.7930065845657
11041,5.19183067374366e-43,-1.00538768158038
57496,5.52227300897046e-43,1.33047642827078
10924,5.78083674726062e-43,1.11760781845029
51534,7.020350781351819e-43,1.04217944756912
7745,7.32625621506999e-43,1.22932998175616
374393,7.508434927894329e-43,2.04555186955358
653604,7.643611689574399e-43,-1.52528675964488
91664,7.78790745313442e-43,2.18151333511469
8367,8.02707441055009e-43,-1.15572271852475
798711,8.85797609483378e-43,1.35255648810175
286101,9.84537746349942e-43,1.37645466896011
5523,1.18565673509787e-42,1.32501891325456
9282,1.40245862942896e-42,1.12180655851977
10254,1.76338870269929e-42,1.30399403573406
23411,2.25473014975132e-42,1.36319465994901
6655,2.5253626433548098e-42,1.29114964768341
22847,3.97480198951015e-42,1.47614711438161
284323,4.1504048483352896e-42,1.80809451363333
55818,5.82207622534096e-42,1.01003087557986
57018,5.83390376192431e-42,1.08543207348392
1152,5.923431991152349e-42,-1.00572972125258
153241,6.05529408081223e-42,1.42695911285532
5471,6.51647679811201e-42,1.07513828664958
51574,8.97821745278157e-42,1.71812749506446
60526,9.126765403057768e-42,1.1977754697786
80184,9.79914623396888e-42,1.94179029189671
285116,1.11195561813155e-41,1.71775264153716
79780,1.1253124970871499e-41,1.82010514768626
54875,1.49208137190125e-41,1.42759346262835
373,2.01112362821076e-41,1.47790808427504
23398,2.4887558828125e-41,1.32998532092753
55109,2.93853940984583e-41,1.20445971258858
10283,4.40012959559576e-41,1.41226848896432
54542,4.71431313376508e-41,1.13334712505529
10794,5.02058234211672e-41,1.02934512922312
6537841,5.31842757164478e-41,-1.04040703315223
8317,7.50666196472748e-41,1.23808650962598
8971,9.15498883821287e-41,-1.00501324013488
22852,1.027325205827529e-40,1.69019948302041
55862,1.1615524294238399e-40,1.12912376417811
10026,1.29085886340748e-40,1.0627162223086
83448,1.497862889476159e-40,1.96191944482934
26108,1.6167398618142199e-40,1.35046030138324
2957,2.01975877688634e-40,1.14807524939498
9113,2.02536937798304e-40,1.00185161527097
5422,3.3207837882101e-40,1.20264159470473
51809,3.568344353555809e-40,1.19684246341165
90957,3.8075485786071e-40,1.10335047513035
55781,3.87233679958422e-40,1.37550620775131
79815,4.551830587756939e-40,1.69678017725013
26122,4.82409093058448e-40,1.47496457464267
3696,5.46500502493007e-40,1.76373371881311
79624,9.27714381914835e-40,1.16078162304307
23515,9.64185850381812e-40,1.15906828191946
1060,9.6924943544594e-40,2.00729870939414
360023,9.890767083264247e-40,1.95513537606391
15191,1.09087826521286e-39,1.42751745433655
54407,1.09792384243513e-39,1.17983039129258
10272,1.10864758072327e-39,-1.04665560029768
261729,1.11866651338195e-39,1.32862139275838
25871,1.21819968860245e-39,1.09635288855569
26235,1.33786877756686e-39,1.1299479201848
23219,1.60905831806178e-39,1.00679039753253
3627,3.24309743631432e-39,2.79776679438746
23318,3.60454000839234e-39,1.26683093098666
51282,3.80702414776615e-39,-1.10048002272986
7813,4.3054154943839e-39,1.33214552967847
57522,5.23861653729711e-39,1.03129481218892
1005008492,5.79929716602142e-39,1.81518643723608
51616,7.66039252267428e-39,1.58918860000553
81545,7.83719804465118e-39,1.03321335678528
10082,8.63201240615678e-39,1.03835511113682
9236,8.94374659471026e-39,1.96511128422968
4361,9.6170769785793e-39,1.30678120221592
51545,1.03678070539812e-38,-1.0011406195042
167227,1.03954106213994e-38,1.22527893218264
55632,1.08613025003553e-38,1.45315721653125
6845,1.22821859943337e-38,1.33851021637963
286148,2.01152314945517e-38,1.17242732451978
54816,2.18523745807693e-38,1.08855824822581
23086,2.21651662629576e-38,1.86957402425542
163131,3.5788253149987e-38,1.69626119837384
11101,3.91695444188225e-38,1.20638925206152
55591,4.55747247115297e-38,1.14119723056241
116068,5.02478364131129e-38,1.64259809405854
6198,5.96286733463541e-38,1.01464232208855
54891,5.96743512240679e-38,1.4619162778949
165215,6.0382398901166e-38,1.87472801915092
79598,6.88253733725042e-38,1.53132977845051
160851,7.82448337127959e-38,1.45387631560621
84669,1.13341738712735e-37,1.03176268149531
25913,1.70576995460961e-37,1.47302621170721
1457811,1.74217161496599e-37,1.0809124974718
9975,1.81267649867444e-37,1.067349629095
10388,2.63070029431474e-37,1.73085498038449
153443,3.55918541590971e-37,1.50303328730607
9928,5.757979288333199e-37,1.74439043510408
2634,7.17684908322278e-37,1.00786763259671
5144,7.54711819535619e-37,1.13152113087653
4238,9.4430451361808e-37,1.3868228953943
65267,2.01570244330302e-36,1.72851314244002
92597,2.14549205067736e-36,1.58299573048902
151246,2.59484083206101e-36,2.02010616301837
51527,2.9366925757504097e-36,1.23115083841214
55796,3.27937642617981e-36,1.60036557744736
400322,3.31615803185285e-36,1.36976638815688
3161,3.59738046751736e-36,1.58431173730492
23033,4.13656424910384e-36,1.66902275655345
25897,6.334679865342109e-36,1.24126182001368
9882,6.41683147431864e-36,1.03320121449747
317,7.603560820168401e-36,1.02744846485141
92912,7.919483941704119e-36,1.02735260611573
79668,1.00203623678369e-35,1.1342902122886
114803,1.0264008854546e-35,1.51443884203462
9666,1.7145164026736e-35,1.64683683736946
55614,1.7794898963782902e-35,1.20015820542025
254048,1.93751090517149e-35,1.33219872658576
56992,3.0293253694905703e-35,1.41838485425806
80315,3.2850876194105e-35,1.23109939481277
133746,3.35683061548615e-35,1.31068312043344
22908,3.72796578526585e-35,1.21290150592962
55628,4.47343881675714e-35,1.24095382811696
23002,4.66620086563585e-35,2.04132462120836
9412,7.434011484994761e-35,1.0160896916622
55769,7.772232696279451e-35,1.27180910311471
57396,8.2006269614502e-35,1.31579298807061
254065,8.401769496090181e-35,1.41167510078766
54497,9.8365358277269e-35,1.10151936696519
5775,9.97437953470229e-35,1.57322589679924
51715,1.25027652920059e-34,1.13315694442601
285540,1.4381427818941899e-34,1.05395170807074
152815,1.59776024818099e-34,1.57153889300828
26224,1.99527942276875e-34,1.16856782657066
56929,2.14204170585808e-34,1.15630928110987
55153,2.44718161087025e-34,1.26470596433247
257218,2.79546493028487e-34,1.53376675403543
1982,3.50052052565772e-34,1.00425023037114
55283,5.44772962418994e-34,1.46131941862675
81930,6.848302125557899e-34,1.56283148919032
4810,8.390033061791799e-34,1.30158821557544
90317,8.63879625950102e-34,1.67998414397106
54629,1.1990392468547e-33,1.17950791833746
23116,1.25509757694388e-33,1.13259835256618
9910,1.43592935067905e-33,1.51245481109805
120103,1.57418311418309e-33,1.13389789307318
2072,1.61345100286303e-33,1.285750078753
79633,1.7881262047723398e-33,1.33754858254534
57650,1.97664247554814e-33,1.56047292874075
29763,2.3043007784720002e-33,-1.00786445537094
57786,2.64090619325115e-33,1.71472201925831
59338,3.1100170683816896e-33,1.22333538389478
127253,3.14948845657551e-33,1.35153074979376
1730,3.54173221390222e-33,1.29001312441066
55973,4.08475374907152e-33,1.18506195432545
654463,4.8960839144646696e-33,1.21155174059174
53344,5.45854708048467e-33,1.50847560748257
255520,6.10117699002739e-33,1.15180234688829
55014,6.13799052594403e-33,1.32329361255773
100506621,7.45257931223339e-33,1.34483919677204
22841,7.98656384559674e-33,1.5419315503658
23097,1.09452604059105e-32,1.11856126634901
1629,1.14819303487394e-32,1.16590162838089
8803,1.33431788233917e-32,1.18857558230164
51696,1.51293171808323e-32,1.35924684975616
9678,1.69439155066375e-32,1.38586772755082
51427,1.7955988109333e-32,1.85450504269992
283431,3.20213214171643e-32,1.32003524960137
81627,3.77678224487287e-32,1.21331014081271
10464,4.94948258823024e-32,1.79367801148727
57508,4.99129616054061e-32,1.28310406871859
339500,6.143947589874251e-32,1.91732512472363
9849,7.92401273584956e-32,1.83934987419702
60487,7.98958295618638e-32,1.19234516550528
54953,8.24983943798492e-32,1.45748695635301
22823,8.49043382610593e-32,1.01033993883825
4832,8.66703384534019e-32,-1.13439639920488
10199,8.813218575457998e-32,1.20438395949654
11235,1.41404020889824e-31,1.10158711791351
162681,1.4676544111113302e-31,1.57934787809891
348654,1.52050107068182e-31,1.63009525749804
22824,1.55058503532497e-31,1.24880940513885
9786,1.7908887321335602e-31,1.22449597135699
11064,1.8382435042057998e-31,1.56279363193522
11274,1.87059786635125e-31,1.26144125566091
54931,1.99332031269947e-31,1.2255407273419
3090,2.0867149519495903e-31,-1.26269882635906
4913,2.31521950601633e-31,-1.19381383364847
572,2.8562462761584e-31,-1.2460638288465
27291,3.3214177793711803e-31,1.22348582257214
727,3.49002196899695e-31,1.58237712295317
63979,3.5511003882768203e-31,1.14494286085698
83852,3.7318928626383695e-31,1.31054540515151
57560,3.74430391225485e-31,1.65060317612932
151613,4.12254781444873e-31,1.22403631850892
55835,5.49983331843611e-31,1.37458711322634
57600,6.44314232532812e-31,1.25767086924615
55279,6.697424735711451e-31,1.65071646945257
27236,6.990656492722171e-31,1.08444883362386
6558,8.03580920620539e-31,1.236426412152
4646,8.31729354130006e-31,1.23250356435047
84614,8.36214309159849e-31,1.25973466420891
4603,8.502969468661421e-31,1.34500006893641
57161,9.55049348187084e-31,1.05464233005413
92255,1.15908120422103e-30,1.64009330345182
3717,1.63657868353697e-30,1.67021166437184
221154,1.64817163269054e-30,1.03689090984332
376940,1.7282505228414697e-30,1.76731702076068
84301,1.79071315449347e-30,1.09250728785332
728407,1.8269122226436897e-30,1.07879177665432
51633,2.5280030867580298e-30,1.54133064431158
85463,2.7128834970973497e-30,1.18815759403601
143884,2.72083939765582e-30,1.92689972811711
11179,5.6021621689094e-30,1.31434689653021
4287,5.8424215368520496e-30,1.1385569709424
51134,7.275578598129149e-30,1.5758768843295
134510,7.81022047172629e-30,1.31231713286157
84266,7.871960507146919e-30,-1.19222732558122
203447,8.95911738620316e-30,1.79899279455558
3845,9.411229099855549e-30,1.10526331571489
10208,1.09891363703485e-29,1.31131100131249
57509,1.09891363703485e-29,1.43667868393577
5922,1.31141731413438e-29,1.54381728060854
79649,1.43437848382794e-29,1.33068803865619
55619,1.5608177555322e-29,1.91609614919073
55288,1.96929797559561e-29,1.0509809465507
11059,2.30232905378805e-29,1.54788428283185
158219,2.48862699973887e-29,1.12719098298655
100506124,3.4231838020008e-29,1.5634820584941
55635,3.42933663480925e-29,1.39005911144375
23172,3.43896638357183e-29,1.29925377275853
1836,3.6596275277992e-29,1.19697507041817
147657,4.81278673779545e-29,1.32862288879925
902,5.720356809507606e-29,1.09033998326486
7576,7.23345122732975e-29,1.62399568634597
6045,7.57319415514155e-29,1.25065031704263
285237,8.84271570938009e-29,1.00518592103242
54536,9.58332205689658e-29,1.22206363769603
84458,1.0363268986544999e-28,1.30989500728317
10926,1.04047254918987e-28,1.08145486025344
57182,1.04975733842002e-28,1.35339771620402
1193,1.1387978743542399e-28,1.4582613355637
23348,1.16268960225179e-28,1.22879079655011
56204,1.29672973641784e-28,1.49599716413678
55589,1.7574654928141899e-28,1.21255067398258
60558,2.400524665619e-28,1.09366590295365
57544,2.95169841626763e-28,1.45477746609795
4750,2.98571565208669e-28,1.32208388257882
286144,3.0168097391686283e-28,1.32116601660824
64921,4.1566293036801e-28,1.46510906923012
9738,4.310123771684369e-28,1.30626799223302
26098,4.3678888301856e-28,1.2291554652242
23464,5.86253227954177e-28,-1.19872530714658
9847,6.3450987099825185e-28,1.38026848108108
8867,8.152722454149049e-28,1.43239843765491
7743,1.03339278001327e-27,1.3725860802092
129642,1.14906074560022e-27,1.02895615318025
79184,1.15830937416451e-27,1.31550848665189
115361,1.33697855816617e-27,2.42152356554082
80055,1.44150901489433e-27,1.44435853760221
152185,1.45926391387715e-27,1.09420532628111
4897,1.58842410399475e-27,2.49270127772605
9662,1.61206902918494e-27,1.61986403176681
1147,1.74857980460466e-27,1.0465618461428
29066,1.76535181061799e-27,1.03075847319576
51111,2.27498512897913e-27,1.15680407327788
4594,2.33579092879045e-27,1.00067501795093
79682,2.5756445033544e-27,1.2561522640695
58841,2.72224719896453e-27,1.16786852738987
152518,2.73235769205259e-27,1.37406296865506
58155,2.80664729117218e-27,1.36137990613004
79728,2.9841846505690798e-27,1.00094030972821
91404,3.2779347993039e-27,1.34777587855653
92815,3.33447016133464e-27,-1.22546008154535
10403,4.09632005985845e-27,1.5005465399081
343099,4.52762869292992e-27,1.64292158061845
90333,4.80320341655e-27,1.42117076343628
9534,5.07746005141998e-27,1.5042261675274
162239,5.11173669529267e-27,1.64863499920255
55028,6.8350480610596e-27,1.02173168077993
3953,7.62000237131825e-27,1.56394645215073
55015,7.99943600347985e-27,1.28763562185793
768,8.21921333367971e-27,-1.21496388240385
27000,8.47099335859902e-27,1.42432487615411
9976,8.67915737758744e-27,1.39138669505883
10168,1.41280152496867e-26,1.0931893347928
143872,1.4799577240205698e-26,1.30736054969431
84671,1.58129879660859e-26,1.20882478509011
4781,1.91285902249175e-26,1.06357798163907
27067,2.02981841468954e-26,1.22582035555471
55345,2.1111780380613e-26,1.40517634334474
6309,2.16803727270783e-26,1.03062422406486
388558,2.51269095501641e-26,1.36290651831757
55284,3.2019536540693396e-26,1.19181044677769
285672,3.70935071924575e-26,1.2510619931122
91801,3.8907874397380397e-26,1.44477820769895
143279,4.0698825741433e-26,1.52630166578798
137392,4.26471953908834e-26,1.12972733767677
83594,4.3754033274465004e-26,1.53131238563528
64848,4.80492149002141e-26,1.10416564999427
64115,5.1394373413112696e-26,-1.08107600709792
93627,5.67105397714451e-26,1.20057692721881
55432,6.01071740071461e-26,1.3919124885006
84436,7.463387233588659e-26,1.42401088215921
23322,9.963440228285808e-26,1.4045017105226
10352,1.00599857462105e-25,1.18072977399725
57697,1.20532733097067e-25,1.67917457404253
54454,1.22349409122904e-25,1.23323731777301
55900,1.2767763519314e-25,1.37785563328434
7782,1.95016849609047e-25,1.42044089607942
150468,2.70256305175649e-25,1.42767561775974
6236,2.94972029869037e-25,-1.1417343304648
56913,3.2019958642813503e-25,1.04369929737906
116071,4.11689012666226e-25,1.28671837510879
100499177,4.2938763080094105e-25,1.25078614641491
26575,4.581779653759991e-25,1.1097237464896
114885,4.75353856927275e-25,1.04417569731702
5167,5.1665230183269e-25,1.15923599717532
170960,5.31069843340542e-25,1.62952417875895
57475,5.467798697321651e-25,1.55686989017482
7700,8.59854553679908e-25,1.67573335938128
55293,8.97096771722041e-25,1.09094122293697
220,9.17376674080626e-25,1.17679072101504
152006,9.68178441366033e-25,1.14362253636804
9984,1.15845250780652e-24,1.26077998767598
54482,1.38460877456003e-24,1.29369302325104
37382,1.4077438233164e-24,1.77540398376818
10778,1.44529058986659e-24,1.08599195903053
254251,1.70760973034513e-24,1.27496004134342
146057,1.74393710987144e-24,1.07387839360861
29915,1.91040340169472e-24,1.44035610861188
130132,2.00176978004684e-24,1.31757568360514
29767,2.021653577233e-24,2.54908803692182
144811,2.1038393760372e-24,2.11181875490537
378938,2.44589567839751e-24,1.17129543325671
7181,3.38148989809105e-24,1.1186260147656
9949,3.73851654511398e-24,1.10040157576839
6990,4.69350919961189e-24,1.22917485931048
100129940,4.8733971066838e-24,2.25396255830475
5337,5.51660673654152e-24,1.02735026320059
5451,5.55884043975684e-24,1.04017541495963
66036,5.63061748873191e-24,1.00249101772459
85444,5.72454578514328e-24,2.17593008350127
26148,7.54959116721849e-24,1.28909773547976
79723,7.633085860444441e-24,1.13300716451043
79596,8.26460433967103e-24,1.60313304865428
261372,8.3301963069585e-24,2.31887070529021
26973,9.82516676343651e-24,1.14309798391412
54680,1.0143010453081e-23,1.02553434327233
8805,1.0886930450418e-23,1.49898014121865
220042,1.1129462657097301e-23,1.61511628457791
54468,1.3850828803398998e-23,1.04410106055364
7770,1.4116023570261402e-23,1.17228080620806
23287,1.75096261225253e-23,1.38806453639511
56915,1.75961836632582e-23,-1.02113425928016
132949,1.84440305598224e-23,1.37537456193843
57489,1.91369118197786e-23,1.89224391384882
80311,1.98665589010771e-23,1.22198643357965
3556,2.2662401475132402e-23,1.23781918752379
23012,2.3580440736354402e-23,1.16129496709355
8336,2.5003995947814305e-23,-1.34858706390876
84144,2.5444266803397905e-23,1.35059876143746
101927027,2.6051203865404305e-23,1.18538566110075
51735,2.67801440936789e-23,1.67163584837865
10371,2.75691989720342e-23,1.28042478828296
57721,2.8856723508985803e-23,1.11969187092639
201965,3.0188353690849e-23,1.3392595641849
7574,3.34470488831993e-23,1.23408694216327
7486,3.78021790824941e-23,1.25109427038936
51351,4.0362466145821e-23,1.74825642879837
57562,4.71450117789988e-23,1.68200557367103
388561,5.0676812673728e-23,1.58244533568751
80323,5.21152377454234e-23,1.5519452468858
9694,5.72469316143812e-23,1.21538210029042
114134,6.1036998884709e-23,1.16494517146467
79675,6.56268282938942e-23,1.09052464469256
64089,9.7592406488332e-23,1.53697997666508
285753,1.01830838220174e-22,1.24677651008963
544391,1.24020607455009e-22,1.28827605466563
79772,1.36529274931785e-22,1.38307990392837
132864,1.68847117935084e-22,1.48913881540207
56852,2.62557453249309e-22,1.07017346815658
120534,2.75469379576188e-22,1.04982327175335
255928,3.3184459149619003e-22,1.87460942599338
9541,3.50225159855562e-22,1.27869530913486
84250,3.58072008230406e-22,1.18159778897906
387496,3.64604574860901e-22,-1.57745678874669
83744,4.934179062107689e-22,1.4496673903917
57569,5.61926807975854e-22,1.3694811294484
284370,6.750849119191339e-22,1.96991013509229
55599,6.82653942591755e-22,1.48387529696721
55680,6.90972770592692e-22,1.21629870638217
55786,7.60488881216166e-22,1.45305670578346
5321,7.68745327499004e-22,1.52276404890945
100131897,1.35287495820348e-21,1.04324612876713
55785,1.42542987958146e-21,1.32849134655434
54585,1.53118499547002e-21,1.13723233361504
22995,1.61267596479981e-21,1.63587253139943
113655,1.6664132880089301e-21,-1.0328032806627
90592,1.88929234220211e-21,1.55917846821429
9451,1.92286453593039e-21,1.07260615034758
5000,2.2577869787293602e-21,1.10824422515011
54813,3.185855033680141e-21,1.36725452368159
9724,4.12424340127141e-21,1.19696371818433
154214,4.64812072839394e-21,1.00900602423829
100129482,4.80396336768911e-21,1.2352497717742
57691,4.98776498325473e-21,1.19873717711832
201255,5.08339979956483e-21,-1.18339401060658
3676,7.09734840345411e-21,1.13876928319466
9453,8.02971324636107e-21,1.15275450691574
5324,9.5701746668533e-21,1.23426860397937
84988,9.5738473972445e-21,-1.06613734791609
8287,1.01368991368286e-20,1.84527743714869
9896,1.42877645538314e-20,1.06683823428792
83604,1.55123937370942e-20,1.30844618631913
55605,1.56359324531364e-20,1.69029964854166
11149,1.5769500406908e-20,1.50694511293121
94031,1.73545072878482e-20,-1.01881918455344
84230,2.11884907248801e-20,1.17140073286963
7582,2.16426221986572e-20,1.33293115060685
167691,2.29979923849849e-20,1.74120999479999
284611,2.34188818103786e-20,1.18890359316606
55322,2.35665506518787e-20,1.02391075428434
11201,2.5155408762046003e-20,1.22563394779389
55331,2.5938555772149903e-20,1.02011158235515
10635,2.73285264264481e-20,1.29882750499032
728927,3.4195245373458504e-20,1.25685621700908
221895,3.68604117168298e-20,1.02014671537355
85439,4.78409894535036e-20,1.3467898421931
2549,5.09725963391233e-20,1.27127849772619
79739,5.2908872476982505e-20,1.42935950107809
10733,5.877917341252941e-20,1.24568913794042
79738,6.283554587270851e-20,1.04947885034123
126068,6.42707660110476e-20,2.08799274384593
83621,7.066635095238931e-20,-4.11848268953732
30832,7.11976390707792e-20,1.17265113941663
63967,7.482835863752511e-20,1.14945290199697
79915,7.51506318126014e-20,1.29450136008789
57337,8.06225805456397e-20,1.64233960807821
7748,1.03729308124417e-19,1.39478650308686
65986,1.10107393030093e-19,1.39468547561038
4534,1.6374680143208e-19,1.48601030223169
5122,1.6687170112779e-19,1.06121613876517
54756,1.7042296490115501e-19,1.56986474767156
100507056,1.99816207439281e-19,1.20891586160562
221322,2.58153576509411e-19,1.41126287843482
1612,3.278750665082e-19,1.16769403478752
147923,3.31395514991233e-19,1.91327216799701
57579,3.76280177472213e-19,1.5343505473172
79187,4.171504847670181e-19,-1.11320524830549
166815,4.2372932546701803e-19,1.10757030129686
9317,5.25943042132199e-19,1.19416941571221
8821,5.4332048872775365e-19,1.28992666930967
7444,5.8184100280827575e-19,1.17101941222137
80110,6.553816493054325e-19,1.35150486597957
8353,7.054880734075319e-19,-1.25823449760531
55175,8.1690717114467475e-19,1.03224836637848
8481,8.70937121603431e-19,1.25561465545451
55857,9.76276486974099e-19,1.19924881787317
163786,1.07722289283653e-18,1.57727136306856
54534,1.35632378109281e-18,1.09666431620842
7592,1.38245611954737e-18,1.18860872000452
114327,1.90428743498288e-18,1.08308130918211
148398,2.09843651884379e-18,-1.2658284290383
55916,2.09843651884379e-18,1.37930398253227
814,2.11366205528055e-18,1.2475214408937
81617,2.33004827054073e-18,1.25906672765391
121512,2.35087485309436e-18,1.08746143827664
84913,2.5016695796916e-18,-1.16225294647808
339318,2.56767581185861e-18,1.31182595444622
11127,3.25217414096386e-18,1.52464576109537
6792,3.43264828792931e-18,1.45313802090185
5277,3.60511492354969e-18,1.37755313066674
171392,3.94184480094488e-18,1.30698901322065
22832,3.9912529144244494e-18,1.79954707833119
79752,4.0020426954975e-18,1.16433929190367
79940,4.21381378030251e-18,1.35529749084649
284371,4.34610210533347e-18,1.16343368389817
6182,4.41162541746738e-18,-1.46814575965526
8743,4.90646332512046e-18,2.14496695619044
64421,5.24285456481606e-18,1.11828301440586
7738,6.11204601370989e-18,1.14721627046098
286826,6.15839786352826e-18,1.10429582531769
154743,6.36713055457882e-18,1.28791353760559
168374,6.61126558183071e-18,1.57976563936276
163081,6.78586992320548e-18,1.25797461991681
202333,8.37151658373934e-18,2.21494592356401
8541,8.37461087660397e-18,-1.09127631035577
8100,8.37532282011979e-18,1.25618924554859
285172,8.49663693683164e-18,1.1233676204356
91624,9.51132095954375e-18,1.52398269807792
54885,9.80203849024016e-18,1.20039135876572
92285,1.01565033698832e-17,1.21936106023126
84080,1.03099345120744e-17,-1.01082570936998
80173,1.03648045968891e-17,1.39577684702869
284349,1.11849558303133e-17,1.3948565047829
54951,1.12631563362962e-17,1.08179662099367
22869,1.18066475591485e-17,1.00928665301336
7138,1.26536611026254e-17,-1.18982004330517
400986,1.29449614839062e-17,1.40090724060328
3298,1.3087298085266101e-17,1.05003499758443
79019,1.34468681294307e-17,-1.04740066607587
389792,1.41622346127154e-17,-1.19224288393481
22834,1.45453262623653e-17,1.0379283708406
9937,1.46928108386889e-17,1.408136539197
802641,1.8619176756621802e-17,1.22489991273959
80312,2.07585400324461e-17,1.25139880842458
81624,2.08932336827304e-17,1.00500391383927
199692,2.36203331017924e-17,1.03629662297386
84102,2.37503429588872e-17,1.01720115469895
205327,2.43355483128324e-17,1.10029284111597
340252,2.50035891679501e-17,1.18753441239252
10998,2.54498497405638e-17,-1.1182247360923
79634,2.66433724662571e-17,1.15138891070426
80757,3.09955727545858e-17,-1.51579476124735
79830,3.2181805699528e-17,1.12351175585702
112840,3.53787706782927e-17,1.05287039818721
10773,3.62540224765824e-17,1.15602666935073
9668,4.37856284715382e-17,1.3289280909793
80071,4.61532125333043e-17,1.48743680725348
203228,4.76544924615397e-17,1.38225887761607
283624,4.7828280610953204e-17,1.6656580447746
85015,4.99130667132121e-17,1.13321824960171
55779,5.93208856920921e-17,1.35945130264322
338707,7.25785815606107e-17,-1.18552960024762
55713,7.55209748763304e-17,1.83143954124114
84527,7.67596347646274e-17,1.28808287308372
2645,8.112071343955361e-17,-1.57866648051611
147949,9.34126258419746e-17,1.77881965973364
55166,9.79212920410633e-17,1.33530180617846
22917,1.15067748822305e-16,-1.04565058722821
129450,1.1948292883557599e-16,1.19501320125881
55212,1.32965670867489e-16,1.09689502225589
412,1.49311591702594e-16,1.0672610647748
5926,1.4972389554137e-16,1.41631623213288
8344,1.5515379697787099e-16,-1.1225597913368
55012,1.6174984674210496e-16,1.0456737728452
284406,1.71592983159753e-16,1.24248802260876
64108,2.35165942464697e-16,1.86973612400227
286205,2.42343097038384e-16,1.00395696406668
400759,2.58946868430835e-16,3.60670587551541
170959,3.31800987487699e-16,1.12408628701368
54521,3.41690128120649e-16,1.06421385170712
29945,3.538283256416429e-16,1.01789276929259
79612,3.73082599148429e-16,1.18628540133048
375248,3.99785294009924e-16,1.54894522485199
54839,4.07053995311817e-16,1.17064816143565
64895,4.26918451324401e-16,1.10595344565011
91526,4.427467664611909e-16,1.18346156924278
148266,4.57749456585675e-16,1.5950735687488
54958,4.7853738873091e-16,-1.25295947988086
1468,4.95174708553942e-16,-1.07509878189054
6683,5.44732248700037e-16,1.16414240283324
7881,5.74320310729088e-16,1.61798980317229
27152,6.45103851456386e-16,1.03940689445376
139322,6.630968592522489e-16,1.17892979214236
79652,6.96871542198574e-16,-1.0753058116508
55137,7.81918143300204e-16,1.26839802465986
7544,8.02981701834009e-16,1.59499351608881
84083,8.51468032739409e-16,1.0132598151993
401115,8.58174352125082e-16,-1.3478583296188
1955,9.49739977678961e-16,1.03906873305346
54826,1.0224212015439102e-15,1.55795670456335
59307,1.03909101773058e-15,-1.10710759443004
65990,1.06388566588524e-15,-1.15712783974774
8559,1.20581333146912e-15,1.43928037110498
375444,1.2199474846430102e-15,1.44772674348524
55010,1.24948903961377e-15,1.15205907710234
22925,1.3260584847044702e-15,1.06164027641598
7978,1.4404394525074e-15,1.40530569294867
26747,1.55719702476528e-15,1.03945596389342
7013,1.6610500742579501e-15,1.09500924070764
257415,1.8396928657792506e-15,1.08834232117227
64863,2.1724347884851303e-15,1.10115763345846
54942,2.2790240867109306e-15,1.01000828521076
126567,2.3954273674572706e-15,-1.49856057085497
55609,2.44992995738223e-15,1.32077285890304
374899,2.893026139227081e-15,1.41988450934051
1028,2.9261193008138903e-15,-1.25248258524645
162966,3.0888455138646904e-15,1.49571390374345
3553,3.0978327124172106e-15,-1.30433438487186
3620,3.387378643894811e-15,2.09034530204666
57472,3.51394085384784e-15,1.01902400568035
6373,3.806472635731191e-15,3.62333340771199
115362,4.01301380050817e-15,1.94830393418668
23285,4.596914136626911e-15,2.52964249249587
221336,4.774207259438601e-15,1.41675674927078
54812,5.058194117073311e-15,1.04271338220715
49855,6.391049638714461e-15,1.08107668447146
143684,7.043819542343751e-15,1.14453291490046
80853,7.31113037630863e-15,1.58198891431267
200894,8.948456206809871e-15,1.01106256844044
340481,1.00265733047826e-14,1.30844687441493
81931,1.07519086017767e-14,1.66379397245635
23555,1.0891187083749e-14,-1.23593368133216
23443,1.33223165075117e-14,1.00190922420395
339745,1.6749545310385702e-14,1.0033034070306
84455,1.6808855525275502e-14,1.38702299528933
23460,1.6863002894796802e-14,1.15027168723114
345462,1.72800797090297e-14,1.53838268987488
404550,1.74399489688086e-14,-1.03651758043877
5140,1.79097175027369e-14,1.04329255855478
84946,1.8696891295666e-14,1.16752539494447
55791,2.14743887650474e-14,1.20486472631602
492311,2.40454384179617e-14,1.95719808087271
145282,2.51845871429256e-14,1.3367644715417
51360,2.62378603526933e-14,1.12151059407029
84649,2.7629898155231305e-14,-1.04077927063759
84131,3.10291143456672e-14,1.00521362254576
28981,3.3388951272183e-14,1.05307575782037
81856,3.59645924373281e-14,1.22611755618269
7695,3.80629746277792e-14,1.34369590127519
79176,3.88681314445328e-14,-1.15356941646734
57335,3.94819792159888e-14,1.14513299532457
7099,3.97486985590284e-14,1.05957513301113
6936,4.26543112800699e-14,1.0482101114914
118881,4.3124250689485404e-14,-1.22258970154114
7188,4.33924322346997e-14,1.16941366647976
57162,4.78958826806935e-14,1.21068320974118
64282,4.80382328894867e-14,1.09752782784274
51765,5.60560588563021e-14,1.03305217362818
148156,5.90610698097171e-14,1.02455165586789
7771,6.68772046718368e-14,1.70444303792617
5438,6.88386045487271e-14,-1.00242310301362
7569,6.919098344663892e-14,1.3521529628819
63939,8.26022494699514e-14,1.08066395975347
92659,9.96431516326155e-14,-1.09928947539549
10333,1.04519475064937e-13,1.37894044390791
64376,1.09114927753456e-13,1.09024306382736
284695,1.12838467135323e-13,1.0033936016128
8850,1.23347213603836e-13,1.26382706544643
55582,1.29521243177909e-13,1.2178219820599
57531,1.37594596420987e-13,1.00489669510664
2021,1.8092541899372e-13,-2.03547839782758
101928524,1.97335587109244e-13,1.20699065743912
2122,2.06179729089192e-13,1.1133583945592
29887,2.10708879736093e-13,1.27983470512721
92797,2.35370146002518e-13,1.28648597050735
51196,2.46500826423724e-13,1.46978894675056
253430,2.66695468044015e-13,1.00732407428005
125893,2.83108852581188e-13,1.62152909705798
1632271,3.71062693799054e-13,1.86294931470395
65243,4.13580336070913e-13,1.37413165369373
6671,5.11665428393846e-13,1.02396310077375
5638,5.15981929450562e-13,1.09708765058828
5966,5.66650858661322e-13,1.40375685483645
51091,6.03264113815044e-13,1.01426905456976
6940,6.46397973433928e-13,1.18610811559947
283464,6.52324506762098e-13,1.01970999009879
9068,7.13677123597186e-13,2.10711436302029
102724002,7.311111496137599e-13,1.45163984413714
83935,7.6626671039335e-13,2.11036937324376
75941,1.11825437816042e-12,1.11134300833399
9966,1.28206005146127e-12,1.26343163231747
9734,1.32104577554872e-12,1.23697310042467
5166,1.3802958228644e-12,1.26556080584791
54821,1.49939774666031e-12,1.02260902137486
100129550,1.64757190689372e-12,1.73100054097948
404217,1.8209016911204498e-12,-1.24777783665855
140612,1.9880243449117e-12,1.0193822014335
63899,1.9999157905835e-12,1.02043080127587
55285,2.05824449318384e-12,1.11929913097416
25801,2.06499887175012e-12,2.02702502709318
80254,2.21966179275648e-12,1.06957176180895
126017,2.28240965395669e-12,1.33528865359553
23507,2.60915676998638e-12,1.04223904948005
5563,2.80386590851791e-12,1.07068238242416
10656,3.06219937412319e-12,1.03816885239374
137695,3.17218974170073e-12,1.07189161790804
203522,3.21032124236777e-12,1.0277075543778
56479,3.6110782616723297e-12,1.4166486414636
199704,3.79127340759558e-12,1.67171054046105
57117,4.27488476168632e-12,1.00134377478936
57002,4.46994746098237e-12,1.03215483165137
57684,4.48081285941839e-12,1.25908354604504
388566,4.567988004079599e-12,1.0716611170324
347344,4.8493104262942e-12,1.2342388275197
291211,4.91429274057865e-12,1.26564440667877
5229,5.2447668407809e-12,1.03108645072868
1909,5.9050160349172694e-12,1.05710500500057
80380,6.45324536217244e-12,1.38752780377966
101926926,6.675784250619239e-12,1.74544448611057
7539,6.8905425216791094e-12,1.592468603661
11037,6.9133438433488e-12,1.19676977039722
80310,7.16286412062441e-12,1.46234973024521
339327,7.35783406994447e-12,1.54266412552903
9162,7.77125769502617e-12,1.56918349852166
101927953,8.64205414732415e-12,-1.06743811157406
130271,9.79208595967727e-12,1.70193184171123
80010,1.0162688986542398e-11,1.08250983090077
55016,1.1126970614142e-11,2.47750405235706
101928882,1.18250390914389e-11,3.1248243981325
79725,1.23934875165023e-11,1.92098868134952
112611,1.24122502476954e-11,1.04698327247109
9015,1.24399963770776e-11,1.08370096576392
9495,1.3250887604634e-11,1.44489278951137
10501,1.36037790106262e-11,-1.41958942806453
11146,1.5149706723398002e-11,1.03314189651987
91752,1.90594127015032e-11,1.61581678052794
8690,1.96414712116182e-11,1.1036671005203
57547,2.0652359056596288e-11,2.03803835750494
56256,2.5817535230004497e-11,1.68859451686545
153571,2.6146276208663696e-11,-1.29025643287056
2982,2.97971683332947e-11,1.12506080510085
166785,3.35724462640416e-11,1.12834005472452
400221,3.38497488952124e-11,1.01038563376228
286827,3.5234521979878e-11,1.10700471138758
9118,3.5422542758494397e-11,1.03316361454307
79986,4.25425018446899e-11,1.57928617981073
26960,4.29906199139148e-11,1.82061841700596
9134,4.32961462442965e-11,1.34453515238774
57698,4.3619779609249193e-11,1.04782711705726
9249,4.42210628894984e-11,-1.45984229248599
4325,4.53537282828664e-11,1.31422697880976
132321,5.80056640963962e-11,1.60668167780733
54762,8.311547084086689e-11,1.35914592001437
91975,9.30320335482438e-11,1.20216135339071
23414,9.649924066398688e-11,1.33497424003609
126070,1.65093128828534e-10,1.16274207312549
64220,1.71365916648622e-10,-1.28589390226107
60468,1.74264511084112e-10,1.15253351972118
84622,1.87507112525837e-10,1.09014248098842
100113407,2.07283662448227e-10,1.02256140871887
286097,2.6767794182771003e-10,1.06623728012087
1005074312,3.22442831655684e-10,1.27701922654519
150967,3.24468691567624e-10,1.37461675209907
54823,3.42497235495151e-10,1.32074041057439
7562,3.83070502856109e-10,1.465692946564
1349571,3.84958471933566e-10,2.22515045428347
3752,3.8735966273202e-10,1.97223045586154
1917,4.16283267584489e-10,-1.28516391425084
441666,4.665813323865e-10,1.38598964868499
9204,4.98963297974438e-10,1.19037535449502
51333,6.76330037516013e-10,-1.07513997634516
284443,6.88661862053213e-10,1.22636151754388
11193,6.910749755143151e-10,1.02397385943115
5881,6.92777193180442e-10,-1.02731358251143
118788,7.121273780023171e-10,1.59337196790408
101060200,8.00196126062798e-10,1.08511900273899
10451,8.36506907993028e-10,1.30199126938974
162962,8.47186514567328e-10,1.05982823630599
50804,9.43856338683847e-10,1.20477249838491
285440,1.01757248270988e-09,1.0558965852049
26134,1.07812521168773e-09,1.46893195572591
57631,1.18000346576548e-09,1.12368634914591
343450,1.1805574406907e-09,1.42797374382284
7767,1.23455713980541e-09,1.39628910526497
83540,2.01590490810791e-09,1.11205257433247
100128317,2.1046386358098e-09,2.28849328971578
8790,2.11311387421648e-09,1.19968855445632
7518,2.1257175285494903e-09,1.38057405411865
3887,2.2477783234446504e-09,-1.42305951105399
219790,2.3383146624593e-09,1.15100955223485
2123,2.39209507255206e-09,1.10870251724738
80270,2.4085761523294303e-09,-1.04580467574257
219749,2.6622766246807e-09,1.44709048007673
8742,2.7322808245632803e-09,-1.4696807330268
401494,2.74200566374389e-09,1.06409379037685
2161,3.06367396075862e-09,-1.11705448331499
153733,3.660300200248769e-09,1.79783963980718
1756,4.76398601997799e-09,1.08548150800452
2826,5.064046840061541e-09,-1.10699771822694
2444,5.0689584417560514e-09,1.86776607039715
7638,5.15915057322397e-09,1.21958216230591
84901,6.07014963802936e-09,1.61333704507483
59348,6.517959099933481e-09,1.0623890464564
84251,6.70639180270936e-09,1.00458744354951
285349,6.8207215023674315e-09,2.22560418403145
100874241,7.10730461248441e-09,1.74589657502345
22807,7.3805777388091615e-09,1.7738389543309
148206,7.82106226692298e-09,1.05412348686247
5101,8.32780780894837e-09,1.47279949495451
80095,8.89655017049846e-09,1.01635258124648
287,9.08212442814346e-09,1.90601602126134
283248,9.510472405661862e-09,-1.10317580226342
169270,9.6813974502831e-09,1.43745990943466
646962,9.754982212608153e-09,-1.08647170659907
285600,1.00934766525636e-08,1.88191039740704
283209,1.02839084164234e-08,1.08740618875424
9076,1.03615394752096e-08,1.81923339902664
84667,1.06928662775972e-08,-1.60183478368586
84924,1.08228885257893e-08,1.03462479325358
124989,1.11066404648193e-08,1.53101191868853
1024656942,1.14780010919974e-08,1.20561130842583
130026,1.21229027951196e-08,1.40054659081977
268514,1.37853976282928e-08,-1.07177914354235
374879,2.34651707300824e-08,1.13463212948907
2824,2.371056845788e-08,1.30867591901331
3339321,2.95887080566867e-08,-1.14998757002985
203238,2.97327401887319e-08,1.180751699406
641,3.15581998205599e-08,1.02957283738347
76971,3.16594556363211e-08,1.090679169208
10161,3.20525291988725e-08,1.43501938919912
9508,3.6244307804998e-08,1.18176231172638
100132707,3.75798353200561e-08,1.19534015421059
54332,3.91375662479514e-08,1.13599132892029
9586,4.08098547607002e-08,1.20087010697915
7808523,4.41912997536538e-08,-1.2342120711637
283659,4.42273266161525e-08,1.14638695109137
29126,5.24393273632159e-08,2.02168155712669
7761,5.41534316600458e-08,1.01491219615298
27127,5.42813439684125e-08,1.71902962960088
84911,5.52633267855249e-08,1.1429702149349
90353,5.67784205429869e-08,-1.04041110926063
257194,5.79055160386642e-08,1.03956684081247
148213,6.08258438221164e-08,2.26992191960766
63920,6.21105157989188e-08,1.09536527714374
9936,6.46521469799774e-08,1.16410638813447
387751,6.53984325247655e-08,1.97511641000526
7556,6.98406904227943e-08,1.4403740857646
152687,7.26064236010752e-08,1.72075329152251
163486,7.46488784694009e-08,1.61447207625837
100507632,7.47175747435096e-08,1.17466766304217
284391,7.84416678119091e-08,1.02878656804328
443,8.3649461032011e-08,1.30130371866042
5618,8.48334262244835e-08,1.83776396319071
83856,8.80035206998753e-08,1.23872132410427
148268,9.66164898501628e-08,1.09550899190809
6335,9.9990514930388e-08,1.65155644945719
10351,1.00877888146746e-07,1.94671745504103
256643,1.01261742817446e-07,1.14141381538259
56571,1.08011532616658e-07,-1.65682320392871
117177,1.12695866931108e-07,1.05968954864917
93474,1.26849606432229e-07,1.11243164639688
79912,1.3582276451301e-07,1.1065175452196
114299,1.54603076391004e-07,2.01835363555389
27185,1.57205666998666e-07,1.20314252946664
558714,1.61241074059638e-07,1.36480310732546
100129484,1.69544999304479e-07,-1.17988980703115
8418,1.73603422305856e-07,1.33651811102255
65109,1.84917442402473e-07,1.036348705674
151393,1.89319424478971e-07,1.13030259337249
113263,1.95601627815368e-07,1.10691721207027
1005331051,1.96881387697941e-07,1.37772649313877
51136,2.04202494227307e-07,1.06739686059401
284702,2.28615765728554e-07,1.92703353798936
56165,2.29018721807672e-07,1.02981800742555
544662,2.39654556103841e-07,-1.2166124201936
257358,2.4201816159854e-07,-1.97590679290607
339453,2.78757843933217e-07,-1.3126087398015
152831,2.83476411644185e-07,1.53429070521802
6095,2.83607031571867e-07,1.31053578740379
100505678,3.40469071769858e-07,1.38313736214759
9615,3.49671214919623e-07,2.10350968817046
268664,3.50116209577074e-07,-1.70010473674348
162655,3.59502086509635e-07,1.11337542979217
80298,3.671322097078e-07,1.04149706891103
79925,3.68176702384507e-07,2.28563042812578
51710,3.82551566971787e-07,1.02710086558484
399761,4.16380266167573e-07,1.10466740187767
2259,4.74612293385634e-07,1.29818150337893
102723721,4.8904329598718e-07,-1.431454911331
26864,5.44883640928523e-07,-1.23112206507093
9086,6.1692374717384e-07,1.15577691479573
844651,6.6572232475044e-07,1.51163174561598
64582,7.50838102214867e-07,1.05457663497508
1005008622,8.28572252194005e-07,-2.18372095529746
55552,8.339233041953e-07,1.12216340927391
56242,8.51309707715111e-07,1.32097107948773
128553,8.61274054031324e-07,1.0812920708312
80862,8.90242694153015e-07,1.09523187069171
5137,9.01189178373982e-07,1.11257223690739
81578,9.04002700795151e-07,1.4624071764694
1148211,9.29400158636945e-07,2.19782247746868
80127,9.30110381734283e-07,1.20421282341704
10529,9.82733260303348e-07,1.48069642219074
221264,1.0623257607557e-06,1.20816386643954
1027241591,1.16048841836242e-06,-1.05882456612781
783,1.31783490150473e-06,1.14941369903598
7561,1.33409885218608e-06,1.1259639185686
26301,1.33883676268104e-06,-1.040996682435
344595,1.41585350984671e-06,1.0055519579795
80031,1.65374691646111e-06,1.4404576123667
7710,1.72600384189051e-06,1.36851536773261
10350,1.74335928212821e-06,2.2056825150878
9310,2.03308123273281e-06,1.59476077087376
55342,2.03799351792818e-06,1.15723876463921
7273,2.09415475603749e-06,1.6283926835919
161882,2.15339353233571e-06,-1.04211971086131
1300,2.19914008254876e-06,2.05379303216986
9420,2.39417999320652e-06,1.59091001597823
140711,2.57562213074373e-06,1.77438878152043
149420,2.60636788467933e-06,1.0192868244426
155382,2.72797814864943e-06,-1.95649551188134
54622,2.89395312358276e-06,1.13386779158291
120863,3.02232089111443e-06,1.72519563345918
25780,3.07796256771539e-06,1.82766839758324
3598,3.29535316885861e-06,1.30847498983431
90649,3.31667592358261e-06,1.02991539362735
375298,3.31955820112123e-06,1.28253146169874
27076,3.99069045761615e-06,-1.08250145180635
1999,4.01956783538125e-06,-1.06252078747676
905571,4.06934436705393e-06,-1.32432647481316
84189,4.47176855740886e-06,2.24769675230219
64787,4.81795443872514e-06,-1.13906532528494
51277,5.16802440314514e-06,1.01689183282312
339894,5.26446082754769e-06,-1.55042383438183
493861,5.33748765927075e-06,1.07637082825716
55630,5.39863234897916e-06,-1.01179669063806
51537,6.30338074505307e-06,-1.03230601023745
84281,6.3241454696896e-06,2.45253430991558
91392,6.4902791615568e-06,1.24599467499322
94161,6.78283119457403e-06,-1.21204804366978
9185,7.42133243688757e-06,1.38086996183325
120379,7.74195897631983e-06,1.61361482994739
401509,7.84198283888801e-06,4.49918169422186
9256,7.91229630850567e-06,-1.16867027760893
3936,7.93073940884423e-06,1.14851351957134
55805,8.15166964348131e-06,1.57822085692364
102724190,9.18433825151365e-06,-2.17541105806615
5265,9.38681634904553e-06,-1.54912340638408
64101,9.65680650537891e-06,1.54185386586334
100132406,9.72081878063439e-06,1.2644278505193
64951,9.9869412398802e-06,-1.01280818909647
79816,1.03930663411273e-05,-1.31559502580482
54463,1.04147945493943e-05,2.2619937725032
113179,1.08305726045668e-05,-1.42747867960107
8995,1.14419985817902e-05,1.76210258775678
114795,1.1442070279874e-05,1.28753902616071
401024,1.3099282341161e-05,2.54363719387905
83699,1.43806073408505e-05,1.02212293007056
1019542662,1.7899046909639e-05,-1.03340060813521
23228,1.87010242582169e-05,1.11523422250674
9848,1.93961436368952e-05,1.59481425465922
6098,2.00365004362425e-05,1.62391447466966
91409,2.0838369704466e-05,-1.4110253536435
64856,2.25100067317912e-05,-1.83669338273778
117608,2.29767312798478e-05,1.17159057563711
126433,2.58631569778751e-05,-1.21554516926765
2970,2.78883375079836e-05,1.02244872364553
9363,2.81965177972562e-05,-1.83576224890301
55714,3.04723919430634e-05,1.15409227136032
56666,3.08900095429821e-05,-1.34501281097269
3059,3.33908850637389e-05,-1.29909926648255
27094,3.465120496174e-05,1.40058460893427
9108,3.4839798398039e-05,2.0558147312517
143098,3.54183736561718e-05,1.45050424515817
5021,3.57452023791132e-05,1.2553618598237
7096,3.65200233261532e-05,1.37373310999522
1944,3.75146735431036e-05,-1.33564920834425
101927056,3.97097270350983e-05,1.14313630326196
798461,4.09984337211056e-05,1.20505282919436
255809,4.20618885413773e-05,-1.03155695515728
842202,4.37117573880049e-05,2.29721022767772
2124,4.45667102400495e-05,1.38630646646715
388536,4.46964375173323e-05,1.15956091002819
91978,4.47306528465272e-05,-1.08677382147749
94015,4.54947799190039e-05,-1.00781169316154
9478,4.64514561915058e-05,-2.08118264359878
115560,4.6568480871246e-05,1.11207114937533
51209,5.13037960084282e-05,1.60074729567459
390205,5.30517714421967e-05,-2.02792037371497
83460,5.4293354652536e-05,-1.13658475143951
51276,5.43791010739798e-05,1.21767285494149
55273,5.56802787034581e-05,-1.07328104707983
131873,5.57594655015584e-05,2.12492695608776
346007,5.68924799703247e-05,1.35951288369486
4094,5.87681440958977e-05,1.19927816701099
1438,5.98217679256281e-05,-2.05102107339458
388588,6.11200552837842e-05,-1.17123707476267
100507062,6.26221218308699e-05,1.79353661244927
11095,6.69971817153075e-05,1.35484712732507
150962,6.84525785247818e-05,1.06881787146304
100289092,6.9693308149709e-05,-1.11912705778415
441478,7.14650378827776e-05,-1.91083622858536
3339322,7.18248203814495e-05,-2.00614153101823
2670102,7.41320780358321e-05,-1.27109690539878
729799,7.62478303191857e-05,1.34774473607183
142680,8.23153260742312e-05,-1.61336954891925
6556,8.57881235529759e-05,-1.1493113967907
8681,9.31219614504421e-05,-1.1291944659191
1950,9.4231349845457e-05,1.5971282566452
4253,0.0001017884842356,1.18891540895663
596,0.0001052211088489,1.48946553558611
1050,0.0001053328751786,-1.45344305536659
100505771,0.0001060209904498,-1.06799756194542
9464,0.0001117551667025,-1.1498686942737
126820,0.0001140526587721,1.58764763748804
4645,0.0001173149164752,1.01386007232416
96511,0.0001197337830193,-1.51580368679881
10891,0.0001245489999701,2.13684164379575
2851902,0.0001286382014231,2.20153911309574
64146,0.0001416681476343,-1.07275417608367
8663,0.0001529823391648,-1.0919525931779
10396,0.0001538813816315,2.87647450571962
101954277,0.0001582440773776,-1.03619886779404
6517,0.0001626799185654,-1.24979505886019
729887,0.0001667765395121,-1.80322598087389
9244,0.0001740336377135,-1.60013954982494
285973,0.0001772022223016,-1.26490910617716
3574,0.0001913262237712,1.46374636630421
101928673,0.000195708895792,-1.05580628096519
159686,0.0001967973035273,2.42400917197603
151313,0.0001984246950553,-1.09711749810381
100505616,0.0002008743904629,-1.54240116247344
4403451,0.0002051902767954,2.08635180422472
10125,0.0002084654933388,1.97309041768761
11337,0.0002276919209864,-1.26002719440687
10224,0.0002356954744559,1.34220978427069
84698,0.0002449468664322,1.07811056313986
550631,0.0002492230913233,-1.00697089423867
647946,0.0002629822652153,1.07197965238791
4145,0.0002758642066453,-1.82741409837805
55089,0.0002770092197739,1.04736684545015
875,0.0002814199873092,-1.20731214239666
23236,0.0002814595611143,1.20482317067919
145873,0.0002905573826875,-1.24817686024199
10261,0.0002912023113189,1.59217341036472
1280,0.0003071499200553,1.87126501093661
238,0.0003108180194343,1.19692022517762
79007,0.0003308112299922,-1.53390110309397
2644,0.0003309727081918,-1.3970403902075
56110,0.00035706101383,1.30096257597291
388407,0.0003653430110325,-1.41112544145059
222161,0.0003696069326038,1.76333449680494
406977,0.0003730282891639,1.67439785411979
346157,0.0003815794418602,1.17504545970979
136895,0.0004105492213986,1.10514728780109
6097,0.0004114242458741,-1.43236088605248
100506994,0.0004232284830557,1.17046154878804
84541,0.0004273950220864,1.05182521050998
101927211,0.0004317353087761,1.07200354589451
440072,0.0004429994873044,-1.62958738949219
22881,0.0004437275622762,1.61193625210366
1270,0.000447617734481,1.83066426201776
342908,0.0004561245487485,1.09043429600339
101154753,0.0004602372027868,1.0380739770023
11320,0.000509249895524,1.32996310003864
144715,0.000509595163053,1.36275665706087
100289274,0.000520075620336,1.30772799900563
27099,0.0005287624029592,1.640437281052
1244,0.0005591763691426,1.29464369113636
56154,0.0005735723784188,1.79079693058503
2330,0.000649457943706,1.21460927899498
26149,0.0006791238475936,1.11404739036246
221393,0.0007208037048735,1.05344065251057
100874243,0.000742618667362,2.03360960122189
7480,0.0007616559770435,-1.01389340994893
2043,0.0008186047636896,1.44280755398075
51208,0.0008376334239826,1.10452260317793
101290506,0.0008455362149079,1.13924495164885
347,0.0008997287190244,1.1457028712872
100131234,0.0009072264011153,1.67970535116701
401612,0.000927918802079,1.01447404074882
157773,0.0009457760024819,1.19117072256689
768096,0.0009499210087255,-1.91856457675922
2592901,0.0009554709998356,1.55435044991364
677797,0.0009607916440667,-1.26984094499541
26040,0.0009979721399828,1.26633170036416
474170,0.0010093737376697,1.00370421462902
100289211,0.0010247674662211,1.54103222838365
284992,0.0011307603901632,1.0094294499168
283234,0.001167394070616,-1.07843123589718
7302,0.0011879516846495,1.66919509702699
150946,0.0011968274409398,-1.33379463309566
3049,0.0012579113181067,-1.84195669353835
414899,0.0012607757080994,2.10388420504175
8363,0.0012621944785032,-1.02199723755512
288,0.0012785862272099,1.56278206655965
611,0.001330421564774,1.02224132403259
6857,0.001367966083429,1.19513569344204
100505994,0.0014456496668139,1.10064389314543
81027,0.0014962884094071,1.4558514014791
158399,0.0015709856240057,1.10956605616161
167838,0.0017042197307527,1.10066490359797
353355,0.0017042197307527,1.16734157744945
284697,0.001779314032676,1.29042808048723
3671,0.0018524869194894,-1.274696093729
138311,0.0018751214156173,-1.09192900832544
114880,0.0019269451193267,1.00703200715451
1842,0.001941966453469,1.51005975991404
84978,0.001946461299194,1.16944223894218
767846,0.0020518213309858,1.49190956002393
2670,0.0021197784794508,-1.41646996217102
388815,0.0022055813090616,1.02788273028351
7766,0.0022531438595309,1.21289147647837
83706,0.0023119523499982,-1.13699223679115
23109,0.0023126585937368,-1.50613343966124
100233156,0.0023179500820858,1.23911811193604
101928689,0.0024067238891484,-1.52021815347816
3635,0.0024820256096542,1.33635264526859
388564,0.002506271082645,-1.33456164567588
84069,0.0025598118956104,-1.0675713465471
7472,0.0026338141049833,1.30567310067075
202151,0.0028517976298302,1.30229160147797
163259,0.0028976682248553,1.64371585720817
100506696,0.0032462147079099,-1.05425040176732
268636,0.0032971504585781,-2.54084725750733
100134229,0.0035778023694465,-1.24911003605081
127943,0.0036243722926494,-1.02681392037094
9429,0.0036970378566349,1.34890471488513
8740,0.0037113908384983,1.36312600996764
10747,0.0038062620456195,1.34468028928889
158401,0.003889042075125,1.43955113689801
100130958,0.0040347991320246,-1.0879674899821
23584,0.0040808006072824,-1.25885660341562
100507588,0.0041344408534098,-1.33322821205973
100422943,0.0041629391958652,-1.18927403531411
7352,0.0041948170705372,1.671468289611
401551,0.0042190399127428,-1.20780627507279
10693,0.0042334725521033,1.35904301984123
206412,0.0042629094042793,1.61841397836401
442213,0.0044648309721944,1.25327286120995
22843,0.004515233931589,1.14607829074509
50855,0.004620308721799,-1.01021385101654
2134,0.0048779385066638,-1.23168371023399
54509,0.0050056078760362,-1.02994442007189
117166,0.0050204055308702,-1.18247545032091
1129,0.005080879267883,1.85818819184001
645431,0.0050814774669042,-1.24810326215984
643401,0.0054055053339465,1.25343392599827
400684,0.0055289232412102,-1.00017234068738
147837,0.0056176380930843,1.0421415519379
5712,0.0056368653897033,1.05173880507556
102724515,0.0056891299514578,1.0478664583598
27237,0.0056948481177735,-1.19224562784582
83371,0.0058379873654818,-1.057692663641
202459,0.0058564377766608,1.16570721858106
79692,0.0058594668423307,1.04843877049962
27143,0.0059948737551936,-1.0515037313108
11309,0.0062494719937563,1.0508145886391
4902,0.0064698576087801,-1.06530201760417
50832,0.0064844647931787,1.42038104064107
103091865,0.0067910163221213,-1.09352882730762
641364,0.0068966315276557,1.48040484564409
100289178,0.0071204646639748,1.11617838512356
1577,0.0072924361700197,1.46650104854154
11126,0.007302629035608,1.15281394708516
1001245413,0.007631308647906,-2.35373520304857
80350,0.0076862192879949,1.07520355569393
144608,0.0079341924472048,1.00794314356099
9103,0.008041066105131,1.24382207813794
79973,0.0081153174138103,1.76715016916107
7852,0.0082460976037431,-1.03941619878569
440348,0.0084029646689422,1.04896113672428
100506697,0.008509877169249,1.44106145121354
114801,0.0088673507998503,1.09115761308181
101928602,0.0089449913025735,-1.27920685888825
102724149,0.0092400763748771,-1.1645050616577
338811,0.0096442404517673,1.2840982205049
386627,0.0099052987525559,1.13339292799641
